bookmarkId,sid,name,type,mcidName,mcid,sido,sigungu,address,memo,folders,folderCount,mismatch,isMatched,created,px,py
4537706919,1473580277,조각달과자점,place,카페,CAFE,경기,화성시,경기 화성시 동탄구 동탄순환대로3길 28-26 1층 전부,,내 장소,1,AVAILABLE,True,2026-06-14,127.0942199,37.1673024
4514998104,1469426067,조아저씨쪽갈비 양지직영점,place,음식점,DINING,경기,용인시,경기 용인시 처인구 양지읍 남곡로 33-1 1층 101호,,내 장소,1,AVAILABLE,True,2026-06-06,127.2833337,37.2300748
4509712940,2012372135,박달박가네숯불껍데기 용인둔전점,place,음식점,DINING,경기,용인시,경기 용인시 처인구 포곡읍 포곡로 82 1층 1호,,내 장소,1,AVAILABLE,True,2026-06-04,127.215146,37.2680512
4509687879,21037896,본정 케익&초콜릿 체험카페 사창점,place,카페,CAFE,충북,청주시,충북 청주시 서원구 사직대로 86 본정빌딩,,내 장소,1,AVAILABLE,True,2026-06-04,127.4568943,36.6345025
4500547159,1863815994,마장제이오골프아카데미,place,여가,ENTERTAINMENT,경기,이천시,경기 이천시 마장면 작촌로 8-14,,내 장소,1,AVAILABLE,True,2026-06-01,127.3523743,37.2531012
4481295899,13172700,즐거운우리집,place,생활/문화,LIFE_CULTURE,경기,용인시,경기 용인시 처인구 양지읍 주한로 58,,차 중고부품,1,AVAILABLE,True,2026-05-25,127.2688032,37.2514149
3687342954,1358221579,동명서헌 북카페 거실,place,카페,CAFE,경기,용인시,경기 용인시 처인구 백암면 박곡로224번길 9 1층,,내 장소;북카페등,2,AVAILABLE,True,2025-08-15,127.3989655,37.1752646
4136618155,1638647163,생각을담는집,place,카페,CAFE,경기,용인시,경기 용인시 처인구 원삼면 사암로 59-11 1층,,내 장소;북카페등,2,AVAILABLE,True,2026-01-25,127.2997244,37.194405
4155450876,1733200553,미드나잇 라이브러리,place,카페,CAFE,경기,용인시,경기 용인시 처인구 명지로60번길 33-12 1층,,내 장소;북카페등,2,AVAILABLE,True,2026-02-01,127.1865106,37.2292697
4477337846,1909737007,수원지관서가,place,카페,CAFE,경기,수원시,경기 수원시 팔달구 월드컵로381번길 2 수원평생학습관 1관,,내 장소;북카페등,2,AVAILABLE,True,2026-05-24,127.0279964,37.2913442
4371521211,1268879335,공간새벽,place,카페,CAFE,경기,용인시,경기 용인시 처인구 포곡읍 부곡로 27 1층,,내 장소;북카페등,2,AVAILABLE,True,2026-04-19,127.2188193,37.2805804
4478726402,2031332728,공일초월 공유오피스/스터디카페,place,생활/문화,LIFE_CULTURE,경기,광주시,경기 광주시 초월읍 도곡길 29 3층,,내 장소;북카페등,2,AVAILABLE,True,2026-05-24,127.3012497,37.3677035
3867125226,1661602777,터프이너프 로스터스 VER2,place,카페,CAFE,경기,평택시,경기 평택시 평택3로 80,,내 장소;한강진,2,AVAILABLE,True,2025-10-19,127.0948761,36.9961291
4051798878,1862226455,라드라비 리조트,place,숙박,ACCOMMODATION,경기,이천시,경기 이천시 모가면 진상미로1163번길 220 라드라비 리조트,,내 장소;한강진,2,AVAILABLE,True,2025-12-27,127.4691496,37.1592863
4098710113,1630875112,호주미트파이,place,카페,CAFE,경기,수원시,경기 수원시 영통구 월드컵로87번길 7 호반프라자 101호,,내 장소;한강진,2,AVAILABLE,True,2026-01-11,127.0544999,37.2738709
4176046031,1151079761,티하우스에덴,place,카페,CAFE,경기,이천시,경기 이천시 마장면 서이천로 449-79,,내 장소;한강진,2,AVAILABLE,True,2026-02-08,127.3944997,37.2614493
4176049746,1445956525,카페 앙 그랑,place,카페,CAFE,경기,용인시,경기 용인시 처인구 원삼면 원양로124번길 82,,내 장소;한강진,2,AVAILABLE,True,2026-02-08,127.3137092,37.1757229
4176061030,18518075,대장골,place,음식점,DINING,경기,이천시,경기 이천시 모가면 대월로 25,,내 장소;한강진,2,AVAILABLE,True,2026-02-08,127.4817217,37.1684721
4176075293,2083317613,속초항홍게무한리필,place,음식점,DINING,경기,이천시,경기 이천시 어재연로 14,,내 장소;한강진,2,AVAILABLE,True,2026-02-09,127.4435289,37.2783486
4176106289,1202351897,산타의돌짜장,place,음식점,DINING,경기,이천시,경기 이천시 마장면 덕평로 1062-67 산타의 돌짜장,,내 장소;한강진,2,AVAILABLE,True,2026-02-09,127.3648567,37.2541386
3808358475,2095922646,양달 바베큐 식당,place,음식점,DINING,경기,용인시,경기 용인시 처인구 원삼면 학일로 80-2,,내 장소;한강진,2,AVAILABLE,True,2025-09-27,127.2883695,37.1500591
4436754396,1145580722,연 세라미끄 도자기 공방,place,생활/문화,LIFE_CULTURE,경기,광주시,경기 광주시 곤지암읍 신대길34번길 10-32,,내 장소;novy dum,2,AVAILABLE,True,2026-05-10,127.3381004,37.3573225
3920784572,37629907,나래한옥,place,음식점,DINING,경기,광주시,경기 광주시 곤지암읍 광여로313번길 22,,내 장소;novy dum,2,AVAILABLE,True,2025-11-09,127.3731003,37.3597046
3920785381,37647809,해누리 동산들밥 본점,place,음식점,DINING,경기,광주시,경기 광주시 곤지암읍 광여로 305,,내 장소;novy dum,2,AVAILABLE,True,2025-11-09,127.3739264,37.358543
3917511596,1101090348,CAFE 아침숲,place,카페,CAFE,경기,광주시,경기 광주시 곤지암읍 오향길13번길 42 1동 1층,,내 장소;novy dum,2,AVAILABLE,True,2025-11-08,127.373088,37.3620839
3920789028,36989850,외할머니집,place,음식점,DINING,경기,광주시,경기 광주시 곤지암읍 광여로 352,,내 장소;novy dum,2,AVAILABLE,True,2025-11-09,127.3765636,37.3617828
3920793062,34557299,곤지암도자공원,place,여행,TRAVEL,경기,광주시,경기 광주시 곤지암읍 경충대로 727,,내 장소;novy dum,2,AVAILABLE,True,2025-11-09,127.3273862,37.3520255
3931253478,2089669511,건축카페 건빵,place,카페,CAFE,경기,광주시,경기 광주시 도척면 도척로699번길 41 건축카페 건빵(건축사사무소 가온),,내 장소;novy dum,2,AVAILABLE,True,2025-11-13,127.3309559,37.2936142
3938429022,1639681191,링고앤모모의 숲,place,카페,CAFE,경기,광주시,경기 광주시 도척면 방등길 67 링고앤모모의숲,,내 장소;novy dum,2,AVAILABLE,True,2025-11-15,127.3370927,37.2755213
3940842584,1478999133,텍사스프라임 이천점,place,음식점,DINING,경기,이천시,경기 이천시 신둔면 원적로 57 텍사스프라임,,내 장소;novy dum,2,AVAILABLE,True,2025-11-16,127.400489,37.3150414
4176042632,1882391453,장지훈초밥,place,음식점,DINING,경기,이천시,경기 이천시 마장면 중앙로 35 호반베르디움2차 214동 상가1층. 107호,,내 장소;novy dum,2,AVAILABLE,True,2026-02-08,127.3570413,37.2530523
4176082117,151818813,에덴파라다이스호텔,place,숙박,ACCOMMODATION,경기,이천시,경기 이천시 마장면 서이천로 449-79,,내 장소;novy dum,2,AVAILABLE,True,2026-02-09,127.3945742,37.2615547
4176108723,2053820989,오렌지식당,place,음식점,DINING,경기,이천시,경기 이천시 신둔면 황무로 443 1층 102호,,내 장소;novy dum,2,AVAILABLE,True,2026-02-09,127.399396,37.3009024
4224967455,1637401993,안동한우촌,place,음식점,DINING,경기,용인시,경기 용인시 처인구 양지읍 양대로5번길 19 1층,,내 장소;novy dum,2,AVAILABLE,True,2026-02-26,127.2838,37.2333503
4239294374,2008997175,치즈당 용인상현점,place,카페,CAFE,경기,용인시,경기 용인시 수지구 광교중앙로295번길 9 1층 108호,,내 장소;novy dum,2,AVAILABLE,True,2026-03-03,127.0681154,37.2968955
4239296302,1986450286,딜라의정원,place,카페,CAFE,경기,용인시,경기 용인시 처인구 양지읍 평창로 26,,내 장소;novy dum,2,AVAILABLE,True,2026-03-03,127.3141181,37.2276428
4268267138,2052776948,호호생막창,place,음식점,DINING,경기,이천시,경기 이천시 마장면 중앙로6번길 5 102호,,내 장소;novy dum,2,AVAILABLE,True,2026-03-14,127.3548264,37.2519514
4275761598,1791059702,궁뜰38발효차커피&족욕카페,place,카페,CAFE,경기,광주시,경기 광주시 도척면 궁평하천길 42 궁뜰38발효차 족욕카페,,내 장소;novy dum,2,AVAILABLE,True,2026-03-17,127.3359211,37.3396974
4289248855,19567164,곤지암리조트스파라스파,place,여가,ENTERTAINMENT,경기,광주시,경기 광주시 도척면 도척윗로 278,,내 장소;novy dum,2,AVAILABLE,True,2026-03-22,127.2953184,37.3370911
4289250651,1754834413,팀식스 아쿠아 이천점,place,여가,ENTERTAINMENT,경기,이천시,경기 이천시 마장면 중앙로10번길 30 4층,,내 장소;novy dum,2,AVAILABLE,True,2026-03-22,127.3569914,37.2507871
4290071632,72690307,src스포츠센터,place,여가,ENTERTAINMENT,경기,광주시,경기 광주시 초월읍 경수길 25 1층,,내 장소;novy dum,2,AVAILABLE,True,2026-03-22,127.286402,37.4195567
4293946580,38695562,덕평 마산아구 이천쌀밥,place,음식점,DINING,경기,이천시,경기 이천시 마장면 덕평로882번길 2-9 마산아구이천쌀밥,,내 장소;novy dum,2,AVAILABLE,True,2026-03-23,127.3654029,37.2363949
4347453040,2025934212,카페 오르또,place,카페,CAFE,경기,이천시,경기 이천시 구만리로 371-1 1층,,내 장소;novy dum,2,AVAILABLE,True,2026-04-11,127.4710249,37.2825598
4347455391,1162316864,까사디차차,place,카페,CAFE,경기,이천시,경기 이천시 서희로40번길 7 벽돌집,,내 장소;novy dum,2,AVAILABLE,True,2026-04-11,127.442897,37.2792001
4436784848,173545258,짚라인용인고객센터,place,여가,ENTERTAINMENT,경기,용인시,경기 용인시 처인구 모현읍 초부로 220 짚라인용인고객센터,,내 장소;novy dum,2,AVAILABLE,True,2026-05-10,127.2678442,37.3148737
4436734592,11893326,JS 골프클럽,place,여가,ENTERTAINMENT,경기,광주시,경기 광주시 곤지암읍 독고개길 132-17,,내 장소;novy dum,2,AVAILABLE,True,2026-05-10,127.3088506,37.3502507
4436763288,11620419,문아트그라운드 뮤지엄,place,생활/문화,LIFE_CULTURE,경기,용인시,경기 용인시 처인구 모현읍 문형동림로101번길 37 문아트그라운드 뮤지엄,,내 장소;novy dum,2,AVAILABLE,True,2026-05-10,127.1927894,37.3317551
4436775388,1421065549,골프존 지파인 스크린골프,place,여가,ENTERTAINMENT,경기,용인시,경기 용인시 처인구 모현읍 외개일로171번길 14-2,,내 장소;novy dum,2,AVAILABLE,True,2026-05-10,127.2468871,37.3440616
4428778605,1893430910,곤지암루지360,place,여가,ENTERTAINMENT,경기,광주시,경기 광주시 도척면 도척윗로 278 잔디광장 내 익시오 ixio리프트 탑승장,,내 장소;novy dum,2,AVAILABLE,True,2026-05-07,127.2914139,37.3369367
4477361919,2040793873,나비에로,place,음식점,DINING,경기,용인시,경기 용인시 처인구 용인대학로 164 나비에로,,내 장소;글램핑바베큐,2,AVAILABLE,True,2026-05-24,127.1699885,37.225419
4428784060,37345559,후하참숯생고기,place,음식점,DINING,경기,용인시,경기 용인시 처인구 양지읍 추계로 51,,내 장소;글램핑바베큐,2,AVAILABLE,True,2026-05-07,127.3190389,37.2485573
4434366540,1009255681,휴이야기터,place,생활/문화,LIFE_CULTURE,경기,광주시,경기 광주시 도척면 추곡길40번길 23,,내 장소;글램핑바베큐,2,AVAILABLE,True,2026-05-09,127.2908128,37.2810065
4076298192,1056062350,비위치 셀프바베큐,place,음식점,DINING,경기,용인시,경기 용인시 처인구 포곡읍 성산로 567 비위치,,내 장소;글램핑바베큐,2,AVAILABLE,True,2026-01-04,127.2025736,37.2837275
3679952240,2030011379,텐퍼센트커피 용인경남아너스빌점,place,카페,CAFE,경기,용인시,경기 용인시 처인구 양지면,,내 장소,1,AVAILABLE,True,2025-08-13,127.2854499,37.2288355
3610994203,1327364968,은지네굴구이,place,음식점,DINING,경남,사천시,경남 사천시 서포면 토끼로 245-95,,내 장소,1,AVAILABLE,True,2025-07-23,127.9749765,34.9659721
2328908053,1045280463,사케도코로 우상,place,BAR,BAR,경기,용인시,경기 용인시 처인구 명지로 31,,내 장소,1,AVAILABLE,True,2024-11-05,127.1879374,37.2318472
2114040720,38348400,명객양꼬치 본점&연길양꼬치,place,음식점,DINING,경기,평택시,경기 평택시 중앙로 38,,내 장소,1,AVAILABLE,True,2024-09-18,127.0875064,36.9941027
1861819710,21102884,들꽃한정식,place,음식점,DINING,경기,용인시,경기 용인시 처인구 백자로156번길 19,,내 장소,1,AVAILABLE,True,2024-07-13,127.1745057,37.2319383
1818898664,1568938414,1516 교회,place,생활/문화,LIFE_CULTURE,경기,성남시,경기 성남시 분당구 정자로 88,,내 장소,1,AVAILABLE,True,2024-06-30,127.1144804,37.3621395
1613036473,1864652859,브레드풀,place,카페,CAFE,서울,강남구,서울 강남구 봉은사로63길 29,,내 장소,1,AVAILABLE,True,2024-04-19,127.0164171,37.4954178
1534395402,35125088,정애쿠키,place,카페,CAFE,서울,종로구,서울 종로구 계동길 76,,내 장소,1,AVAILABLE,True,2024-03-17,126.9266045,37.56229
1461533231,37182984,미리내힐빙클럽,place,생활/문화,LIFE_CULTURE,경기,양평군,경기 양평군 지평면 월산저수지길 21,,내 장소,1,AVAILABLE,True,2024-02-13,127.6493785,37.4812253
1364259470,1154332788,미식가의주방,place,음식점,DINING,경기,수원시,경기 수원시 팔달구 신풍로 66,,내 장소,1,AVAILABLE,True,2023-12-27,127.01256,37.2867527
1228026988,1444276888,카페모모나,place,카페,CAFE,경기,성남시,경기 성남시 분당구 야탑로111번길 3,,내 장소,1,AVAILABLE,True,2023-10-02,127.1262617,37.4116656
920755967,1704860322,소풍,place,음식점,DINING,경기,용인시,경기 용인시 처인구 원삼면 원양로297번길 2-1,,내 장소,1,AVAILABLE,True,2023-03-01,127.262341,37.0828641
797987057,1035699132,시리얼 고메 2.0,place,음식점,DINING,경기,화성시,경기 화성시 동탄대로 469-12,,내 장소,1,AVAILABLE,True,2022-11-12,127.1285885,37.4930186
771696963,32873551,포토제니 수지점,place,생활/문화,LIFE_CULTURE,경기,용인시,경기 용인시 수지구 수지로296번길 51-8,,내 장소,1,AVAILABLE,True,2022-10-17,127.0964771,37.3230589
718240780,12153665,낙안읍성민속마을,place,여행,TRAVEL,전남,순천시,전남 순천시 낙안면,,내 장소,1,AVAILABLE,True,2022-08-24,127.3416564,34.9064463
709037492,33210988,나원회포차,place,음식점,DINING,제주,서귀포시,제주 서귀포시 동문동로 2,,내 장소,1,AVAILABLE,True,2022-08-16,126.5687964,33.2447334
702005846,32875263,망고레이 본점,place,카페,CAFE,제주,제주시,제주 제주시 내도3길 11,,내 장소,1,AVAILABLE,True,2022-08-09,126.400094,33.4817875
701060004,1722217708,하르뱅쇼,place,카페,CAFE,제주,서귀포시,제주 서귀포시 중앙로54번길 35,,내 장소,1,AVAILABLE,True,2022-08-08,126.563154,33.2492775
674974324,1745277520,282브런치&샐러드 카페,place,음식점,DINING,경기,성남시,경기 성남시 분당구 금곡로23번길 15-3,,내 장소,1,AVAILABLE,True,2022-07-15,127.1113043,37.3456904
601376359,1629211777,큐앤에이부동산중개,place,일반,GENERAL,서울,강남구,서울 강남구 언주로97길 23,,내 장소,1,AVAILABLE,True,2022-04-29,127.0529541,37.5031779
567549793,1308290375,프로공인중개사사무소,place,일반,GENERAL,서울,강남구,서울 강남구 언주로85길 32,,내 장소,1,AVAILABLE,True,2022-03-20,127.0360974,37.510437
515440938,38500970,허머스키친,place,음식점,DINING,서울,강남구,서울 강남구 테헤란로 521,,내 장소,1,AVAILABLE,True,2022-01-11,127.0616404,37.5093179
429213794,32214643,홍춘,place,음식점,DINING,경기,용인시,경기 용인시 수지구 죽전로168번길 7,,내 장소,1,AVAILABLE,True,2021-09-03,127.1260793,37.3242012
385354144,1452830961,선우명리역학연구소,place,생활/문화,LIFE_CULTURE,대구,수성구,대구 수성구 노변공원로 25,,내 장소,1,AVAILABLE,True,2021-06-21,128.6997418,35.8332433
246738976,1280608017,제주신화월드 호텔앤리조트,place,숙박,ACCOMMODATION,제주,서귀포시,제주 서귀포시 안덕면 신화역사로304번길 38,,내 장소,1,AVAILABLE,True,2020-07-19,126.3161261,33.3066615
243158780,1203508110,송금당커피랩,place,BAR,BAR,경기,화성시,경기 화성시 지산1길 19,,내 장소,1,AVAILABLE,True,2020-07-10,127.1372764,37.4119568
203008415,1222966845,어 머스트 스탑,place,카페,CAFE,경기,용인시,경기 용인시 처인구 명지로60번길 20-1,,내 장소,1,AVAILABLE,True,2020-03-16,127.1867988,37.2296579
176213892,35734492,오스테리아 꼬또 (압구정점),place,음식점,DINING,서울,강남구,서울 강남구 언주로 835,,내 장소,1,AVAILABLE,True,2020-01-09,127.0322366,37.5250748
158218161,37653164,THENCE,place,쇼핑,SHOPPING,서울,종로구,서울 종로구 율곡로 189 정원빌딩,,내 장소,1,AVAILABLE,True,2019-11-28,126.999366,37.5760429
120540284,491365394,더 크로아상 랩,place,카페,CAFE,경기,성남시,경기 성남시 분당구 동판교로 61 자유퍼스트프라자2,,내 장소,1,AVAILABLE,True,2019-07-25,127.1075073,37.3708566
116319236,1070527862,해피해피케이크,place,카페,CAFE,서울,강남구,서울 강남구 선릉로111길 5,,내 장소,1,AVAILABLE,True,2019-07-12,127.0422523,37.518233
105216551,35215752,밍글스,place,음식점,DINING,서울,강남구,서울 강남구 선릉로 757 더채플앳 청담,,내 장소,1,AVAILABLE,True,2019-05-19,127.0441702,37.5253845
96250746,13301404,청구경희한의원 신사점,place,생활/문화,LIFE_CULTURE,서울,서초구,서울 서초구 강남대로 613,,내 장소,1,AVAILABLE,True,2019-04-02,127.0204769,37.5161539
91400577,99238059,밀본,place,음식점,DINING,서울,성동구,서울 성동구 아차산로 67-16 예당빌딩,,내 장소,1,AVAILABLE,True,2019-03-05,127.0543728,37.5456164
87578583,895457986,카페 노티드,place,카페,CAFE,서울,강남구,서울 강남구 압구정로46길 53 미래빌딩 1층,,내 장소,1,AVAILABLE,True,2019-02-13,127.0383006,37.5241929
82859822,51978638,지산포레스트리조트 스키장,place,여가,ENTERTAINMENT,경기,이천시,경기 이천시 마장면 지산로 267,,내 장소,1,AVAILABLE,True,2019-01-15,127.3453471,37.2167848
4478748585,1043931600,뉴진각,place,음식점,DINING,경기,용인시,경기 용인시 처인구 포곡읍 포곡로108번길 21-8 1층,,내 장소,1,AVAILABLE,True,2026-05-24,127.2194088,37.2675968
4437339429,1536791851,포님카페 마장점,place,카페,CAFE,경기,이천시,경기 이천시 마장면 오천로12번길 9 1층 포님카페,,내 장소,1,AVAILABLE,True,2026-05-10,127.3496817,37.2552557
4426199386,19882656,드롭 베이커리,place,카페,CAFE,경기,여주시,경기 여주시 세종로45번길 8 1층 카페 dropp,,내 장소,1,AVAILABLE,True,2026-05-06,127.6369416,37.2934463
4421926185,1899717239,아티장블랑제리,place,카페,CAFE,경기,이천시,경기 이천시 서희로29번길 2 1층 아티장블랑제리,,내 장소,1,AVAILABLE,True,2026-05-05,127.4420543,37.278406
4421078722,1951589795,오카벤 동백점,place,음식점,DINING,경기,용인시,경기 용인시 기흥구 동백3로11번길 12 1층133호 오카벤,,내 장소,1,AVAILABLE,True,2026-05-05,127.1531375,37.2702165
4421077866,1382231047,코우신,place,음식점,DINING,경기,이천시,경기 이천시 어재연로 18 2층,,내 장소,1,AVAILABLE,True,2026-05-05,127.4438179,37.2785014
4421077506,38701520,니고라멘,place,음식점,DINING,경기,성남시,경기 성남시 분당구 황새울로214번길 8 ms프라자 1층 107호,,내 장소,1,AVAILABLE,True,2026-05-05,127.1125091,37.3781345
4421072935,1794911377,잠바주스 용인휴게소강릉방향점,place,카페,CAFE,경기,용인시,경기 용인시 처인구 주북로94번길 30-1,,내 장소,1,AVAILABLE,True,2026-05-05,127.2423727,37.2455314
4414912467,1800788701,모찌가 용인본점,place,카페,CAFE,경기,용인시,경기 용인시 처인구 명지로60번길 16-2 다온하우스 1층 101호 모찌가,,내 장소,1,AVAILABLE,True,2026-05-03,127.1862166,37.2305453
4413931644,32570663,도야지 껍데기 마평동,place,음식점,DINING,경기,용인시,경기 용인시 처인구 경안천로8번길 26 도야지껍데기,,내 장소,1,AVAILABLE,True,2026-05-03,127.2138068,37.2338112
4413927755,19095247,마평통닭,place,음식점,DINING,경기,용인시,경기 용인시 처인구 금령로 135 희성빌딩,,내 장소,1,AVAILABLE,True,2026-05-03,127.2115328,37.2354022
4413927077,19095267,파고다숯불구이,place,음식점,DINING,경기,용인시,경기 용인시 처인구 금령로139번길 9,,내 장소,1,AVAILABLE,True,2026-05-03,127.2117013,37.2362181
4413925923,19080787,유가네칼국수,place,음식점,DINING,경기,용인시,경기 용인시 처인구 금학로 413-7,,내 장소,1,AVAILABLE,True,2026-05-03,127.2095477,37.2382953
4413911582,1605593122,무야호떡와플 용인중앙시장점,place,음식점,DINING,경기,용인시,경기 용인시 처인구 금령로85번길 14-5 무야호떡와플 용인중앙시장점,,내 장소,1,AVAILABLE,True,2026-05-03,127.2060236,37.2368298
4413895962,88838785,태능참숯화로구이,place,음식점,DINING,경기,광주시,경기 광주시 초월읍 경충대로 1010-2,,내 장소,1,AVAILABLE,True,2026-05-03,127.3045259,37.3696446
4413890849,1186051102,좋은아침pastry 타임빌라스 수원점,place,카페,CAFE,경기,수원시,경기 수원시 권선구 세화로 134 지하1층,,내 장소,1,AVAILABLE,True,2026-05-02,126.9979523,37.264632
4413863393,1673524262,피킹플레져,place,카페,CAFE,서울,성동구,서울 성동구 왕십리로14길 19-7 1층,,내 장소,1,AVAILABLE,True,2026-05-02,127.0460497,37.5488451
4411689222,1764946895,월리샵팩토리,place,쇼핑,SHOPPING,경기,평택시,경기 평택시 중앙시장로25번길 13,,내 장소,1,AVAILABLE,True,2026-05-02,127.0528705,37.0808568
4409374499,37236640,킹콩드립 로스터리,place,카페,CAFE,경기,과천시,경기 과천시 별양상가1로 31 별양상가1로 31 제일상가 3층 킹콩드립 로스터리,,내 장소,1,AVAILABLE,True,2026-05-01,126.9931974,37.4286998
4390029333,1469717614,트리고 삼척해변점,place,카페,CAFE,강원,삼척시,"강원 삼척시 테마타운길 33 301, 401호",,삼척,1,AVAILABLE,True,2026-04-25,129.1700011,37.4669103
4389388460,13345920,삼척중앙시장,place,여행,TRAVEL,강원,삼척시,강원 삼척시 진주로 12-21,,삼척,1,AVAILABLE,True,2026-04-25,129.1651639,37.4421016
4389385154,37117673,옛날숯불닭구이 본점,place,음식점,DINING,강원,삼척시,강원 삼척시 정상안길 84,,삼척,1,AVAILABLE,True,2026-04-25,129.1775438,37.44559
4389382565,1412275065,삼척해상케이블카 장호역,place,여행,TRAVEL,강원,삼척시,강원 삼척시 근덕면 장호항길 12-10,,삼척,1,AVAILABLE,True,2026-04-25,129.3185921,37.2879919
4389381907,2038063583,일출동해회관,place,음식점,DINING,강원,삼척시,강원 삼척시 근덕면 장호항길 76 B02호,,삼척,1,AVAILABLE,True,2026-04-25,129.3180612,37.2865139
4385290349,1330216971,꽃과샘산부인과의원,place,생활/문화,LIFE_CULTURE,경기,안양시,경기 안양시 동안구 흥안대로 511 5층 501호,,내 장소,1,AVAILABLE,True,2026-04-24,126.9762919,37.3996164
4378054188,763758295,을밀대 역삼점,place,음식점,DINING,서울,강남구,서울 강남구 논현로85길 52 역삼 푸르지오 시티,,내 장소,1,AVAILABLE,True,2026-04-21,127.0338975,37.4981215
4378053523,34883067,정인면옥 본점,place,음식점,DINING,서울,영등포구,서울 영등포구 국회대로76길 10 기독교침례회총회빌딩 1층,,내 장소,1,AVAILABLE,True,2026-04-21,126.9217518,37.5306331
4363892611,1453755831,대한두마리치킨&피자 이천마장본점,place,음식점,DINING,경기,이천시,경기 이천시 마장면 마장로 87,,내 장소,1,AVAILABLE,True,2026-04-16,127.3587664,37.2487033
4363890738,1967392467,이천쌀가마솥밥,place,음식점,DINING,경기,이천시,경기 이천시 마장면 오천로 110 104호,,내 장소,1,AVAILABLE,True,2026-04-16,127.3572494,37.248547
4348495629,1574563431,소노벨청송 솔샘온천,place,여행,TRAVEL,경북,청송군,경북 청송군 주왕산면 소노로 38 소노벨 청송 지하3층,,내 장소,1,GEOMETRY,False,2026-04-11,129.1104486,36.3766389
4327748318,1847961131,나은힐링안마센터,place,생활/문화,LIFE_CULTURE,경기,용인시,경기 용인시 기흥구 죽전로 29 포레스트 프라자 304호 나은힐링안마센터,,내 장소,1,AVAILABLE,True,2026-04-04,127.1119598,37.3207309
4327729496,1203728937,테르엔 동탄점,place,생활/문화,LIFE_CULTURE,경기,화성시,경기 화성시 동탄구 동탄기흥로257번가길 40-4 상가 1층,,내 장소,1,AVAILABLE,True,2026-04-04,127.0910108,37.1801294
4327389348,33875438,메밀꽃필무렵,place,음식점,DINING,경기,용인시,경기 용인시 처인구 양지읍 죽양대로 2004-1 메밀꽃필무렵,,내 장소,1,AVAILABLE,True,2026-04-04,127.3214055,37.2158878
4326324742,1060915593,카페열음,place,카페,CAFE,경기,용인시,경기 용인시 처인구 금령로56번길 5-14 1층 카페열음,,내 장소,1,AVAILABLE,True,2026-04-04,127.2039595,37.2343034
4305282347,12902429,장수촌,place,음식점,DINING,경기,용인시,경기 용인시 수지구 성복2로 412 장수촌,,내 장소,1,AVAILABLE,True,2026-03-27,127.0454276,37.323092
4301899177,18658427,유성통닭,place,음식점,DINING,경기,안양시,경기 안양시 동안구 인덕원로24번길 41-15 1층,,내 장소,1,AVAILABLE,True,2026-03-26,126.9755683,37.4010414
4298879244,1776278379,후후베이크,place,카페,CAFE,서울,성동구,서울 성동구 상원1길 13 1층,,내 장소,1,AVAILABLE,True,2026-03-25,127.0487874,37.5451092
4296626065,12009873,한터시골농장 본점,place,음식점,DINING,경기,용인시,경기 용인시 처인구 양지읍 한터로 690 한터시골농장,,내 장소,1,AVAILABLE,True,2026-03-24,127.280472,37.2613392
4290070441,1184238541,능평스포츠센터,place,여가,ENTERTAINMENT,경기,광주시,경기 광주시 창뜰아랫길 14-3 능평스포츠센터,,novy dum,1,AVAILABLE,True,2026-03-22,127.1671361,37.3490073
4290069202,1984473876,태전국민체육센터,place,여가,ENTERTAINMENT,경기,광주시,경기 광주시 벼루개길42번길 20 태전국민체육센터,,novy dum,1,AVAILABLE,True,2026-03-22,127.2332618,37.3814325
4287655029,19283796,성웅아파트,place,일반,GENERAL,경기,용인시,경기 용인시 처인구 영문로29번길 17,,내 장소,1,AVAILABLE,True,2026-03-21,127.2071017,37.2673868
4268278457,2038591715,최가네마라탕 마장점,place,음식점,DINING,경기,이천시,경기 이천시 마장면 마장로38번길 8 1동 101호,,novy dum,1,AVAILABLE,True,2026-03-14,127.3551298,37.2516753
4250673993,1955490702,삼성나비산부인과의원,place,생활/문화,LIFE_CULTURE,경기,과천시,경기 과천시 과천대로5길 6 과천아이플렉스 3층,,내 장소,1,AVAILABLE,True,2026-03-08,126.9798685,37.4112149
4249179217,1199433142,달빛정원 스터디카페,place,카페,CAFE,경기,용인시,"경기 용인시 처인구 중부대로1313번길 6-18 2층, 3층",,내 장소,1,AVAILABLE,True,2026-03-07,127.1927791,37.2358806
4249178329,1933664477,가온스터디카페 명지대점,place,생활/문화,LIFE_CULTURE,경기,용인시,경기 용인시 처인구 중부대로1313번길 4 2층,,내 장소,1,AVAILABLE,True,2026-03-07,127.1910884,37.2362246
4249176511,2011119797,탑브레인스터디카페 역북점,place,생활/문화,LIFE_CULTURE,경기,용인시,경기 용인시 처인구 명지로60번길 8-10 . 5층 501호,,내 장소,1,AVAILABLE,True,2026-03-07,127.1878849,37.2316047
4249173305,1077333277,데일리스터디카페 역북점,place,생활/문화,LIFE_CULTURE,경기,용인시,경기 용인시 처인구 명지로40번길 4 3층 데일리스터디카페 역북점,,내 장소,1,AVAILABLE,True,2026-03-07,127.1881068,37.2327102
4235785898,19114980,신토불이된장배추국,place,음식점,DINING,경기,용인시,경기 용인시 처인구 양지읍 죽양대로 2299,,내 장소,1,AVAILABLE,True,2026-03-02,127.2973527,37.2331095
4210446083,31159517,궁평식당,place,음식점,DINING,경기,광주시,경기 광주시 도척면 도척윗로 188,,내 장소,1,AVAILABLE,True,2026-02-21,127.3210754,37.3380145
4210442599,2093490534,역발산한우곱창,place,음식점,DINING,경기,광주시,경기 광주시 도척면 도척윗로 248 1층,,내 장소,1,AVAILABLE,True,2026-02-21,127.3154669,37.3348359
4210437731,1702200244,풍년옥,place,음식점,DINING,경기,광주시,경기 광주시 도척면 도척윗로 290-2 1층,,내 장소,1,AVAILABLE,True,2026-02-21,127.3114351,37.3336165
4208827930,1765453403,정면,place,음식점,DINING,서울,광진구,서울 광진구 능동로13길 88 1층,,내 장소,1,AVAILABLE,True,2026-02-21,127.0687052,37.5454903
4199989952,1866252940,FOTO Itaewon,place,BAR,BAR,서울,용산구,서울 용산구 회나무로 69 B1,,한강진,1,AVAILABLE,True,2026-02-18,126.9942617,37.5404262
4193671131,38673323,순수해,place,카페,CAFE,충북,제천시,충북 제천시 죽하로 71-1 1층 순수해,,내 장소,1,AVAILABLE,True,2026-02-15,128.2249076,37.1580649
4192706614,1297851870,승원반점,place,음식점,DINING,경기,용인시,경기 용인시 처인구 경안천로256번길 73 1층일부,,내 장소,1,AVAILABLE,True,2026-02-15,127.2275165,37.2508897
4192703072,16597255,새총횟집,place,음식점,DINING,부산,해운대구,부산 해운대구 반여로155번길 25 새총횟집,,내 장소,1,AVAILABLE,True,2026-02-15,129.1244788,35.2057139
4176102065,18514876,돌솥밥시골밥상,place,음식점,DINING,경기,이천시,경기 이천시 호법면 이섭대천로96번길 66,,한강진,1,AVAILABLE,True,2026-02-09,127.3967186,37.2167507
4164302480,16052530,오문창순대국밥,place,음식점,DINING,대전,대덕구,대전 대덕구 한밭대로 1153,,내 장소,1,AVAILABLE,True,2026-02-04,127.4265662,36.359233
4155452424,1321136257,커피볶는자유,place,카페,CAFE,경기,용인시,경기 용인시 처인구 양지면 중부대로 2424 나동,,북카페등,1,AVAILABLE,True,2026-02-01,127.3088797,37.2370816
1930997481,1621125462,진 소고기 무국,place,음식점,DINING,경기,용인시,경기 용인시 처인구 남평로 98,,내 장소,1,AVAILABLE,True,2024-08-03,127.2933323,37.2267084
3930872018,1408677103,희와제과,place,카페,CAFE,부산,부산진구,부산 부산진구 전포대로246번길 6 1층 상가,,내 장소,1,AVAILABLE,True,2025-11-13,129.0656694,35.1583306
3930872390,1750412645,퍼프베이커리,place,카페,CAFE,부산,부산진구,부산 부산진구 동천로 56 1층 102호,,내 장소,1,AVAILABLE,True,2025-11-13,129.062515,35.1535839
4133742662,,경기 광주시 도척면 방도리 226-4,address,주소/위치,ADDRESS,경기도,광주시,경기도 광주시 도척면 방도리 226-4,,novy dum,1,AVAILABLE,True,2026-01-24,127.3425438,37.2798378
4062496977,34203618,매운향솥,place,음식점,DINING,서울,광진구,서울 광진구 동일로18길 61 1층,,내 장소,1,AVAILABLE,True,2025-12-30,127.0662637,37.5391111
4035807931,1115553513,토지 베이커리&브런치 카페 본점,place,카페,CAFE,경기,평택시,경기 평택시 칠괴길 118-16 토지 베이커리&브런치 카페,,내 장소,1,AVAILABLE,True,2025-12-21,127.083289,37.0253011
4035806955,1708578819,카페 프라하,place,카페,CAFE,경기,평택시,경기 평택시 서재1길 64 104호 카페프라하,,내 장소,1,AVAILABLE,True,2025-12-21,127.100703,37.012107
4035799698,36069338,모티마할험프리점,place,음식점,DINING,경기,평택시,경기 평택시 팽성읍 안정순환로 65,,내 장소,1,AVAILABLE,True,2025-12-21,127.0472124,36.9559512
4013994240,,대전 유성구 테크노2로 94-9,address,주소/위치,ADDRESS,대전광역시,유성구,대전광역시 유성구 테크노2로 94-9,,한강진,1,AVAILABLE,True,2025-12-14,127.3971195,36.4282386
4013992137,,대전 대덕구 대전로 1394,address,주소/위치,ADDRESS,대전광역시,대덕구,대전광역시 대덕구 대전로 1394,,한강진,1,AVAILABLE,True,2025-12-14,127.4216023,36.3780488
3982307281,32050710,사천한우식육식당,place,음식점,DINING,경남,사천시,경남 사천시 사천읍 역사동길 95,,내 장소,1,AVAILABLE,True,2025-12-02,128.084896,35.08452
3980067441,,충북 청주시 흥덕구 사운로386번길 21,address,주소/위치,ADDRESS,충청북도,청주시,충청북도 청주시 흥덕구 사운로386번길 21,,내 장소,1,AVAILABLE,True,2025-12-01,127.4663558,36.6612269
3967568540,1645097308,오프,place,여가,ENTERTAINMENT,경기,성남시,경기 성남시 분당구 판교로255번길 9-22 지하 1층 B115호,,내 장소,1,AVAILABLE,True,2025-11-27,127.1000896,37.4040238
3961350474,,경기 시흥시 계수동 451-2,address,주소/위치,ADDRESS,경기도,시흥시,경기도 시흥시 계수동 451-2,,내 장소,1,AVAILABLE,True,2025-11-24,126.80385,37.45209
3948479215,13304423,경동시장,place,쇼핑,SHOPPING,서울,동대문구,서울 동대문구 고산자로36길 3,,내 장소,1,AVAILABLE,True,2025-11-19,127.0388573,37.5789581
3941653003,1402139674,문쥬스,place,음식점,DINING,서울,서초구,서울 서초구 서초대로25길 33 1층 문쥬스,,한강진,1,AVAILABLE,True,2025-11-17,126.9934774,37.4892285
3941628951,1053784549,원조부안집 방배카페골목점,place,음식점,DINING,서울,서초구,서울 서초구 방배중앙로 179 1층,,내 장소,1,AVAILABLE,True,2025-11-17,126.9857832,37.4949354
3941625967,1071004649,노아이디어피자 이수 본점,place,음식점,DINING,서울,동작구,서울 동작구 동작대로33가길 5 1층 102호,,내 장소,1,AVAILABLE,True,2025-11-17,126.9816937,37.489736
3941616355,1571026521,놉스 서래마을점,place,음식점,DINING,서울,서초구,서울 서초구 동광로 95-1 1층,,한강진,1,AVAILABLE,True,2025-11-17,126.9928416,37.4937244
3941616112,11728212,라싸브어,place,음식점,DINING,서울,서초구,서울 서초구 서래로 24 다솜빌딩 5층,,한강진,1,AVAILABLE,True,2025-11-17,126.9984659,37.4971245
3941615963,1001563664,베스퍼,place,음식점,DINING,서울,서초구,서울 서초구 사평대로22길 17 1층,,한강진,1,AVAILABLE,True,2025-11-17,126.9978514,37.4987699
3941614761,33703490,벨아미 레스토랑,place,음식점,DINING,서울,동작구,서울 동작구 동작대로1길 15 지하1층,,한강진,1,AVAILABLE,True,2025-11-17,126.980422,37.4771673
3941613523,36609924,델리쎄 106,place,음식점,DINING,서울,서초구,서울 서초구 동광로 106 원방빌딩 1층,,한강진,1,AVAILABLE,True,2025-11-17,126.9939294,37.493686
3941598165,36995509,텍사스데브라질 센트럴시티점,place,음식점,DINING,서울,서초구,서울 서초구 사평대로 205,,내 장소,1,AVAILABLE,True,2025-11-17,127.0064073,37.5038927
3941337807,2008082445,슬랫에스프레소바,place,카페,CAFE,경기,용인시,경기 용인시 처인구 양지면 중부대로2517번길 27 1층 (슬랫 에스프레소바),,내 장소,1,AVAILABLE,True,2025-11-16,127.3162384,37.2412151
3905110127,1562271133,브라운스마일 용인점,place,카페,CAFE,경기,용인시,경기 용인시 처인구 포곡읍 석성로 1089,,내 장소,1,AVAILABLE,True,2025-11-03,127.2157501,37.2766836
3904699377,1863217877,이대감,place,음식점,DINING,경기,과천시,경기 과천시 찬우물로 28,,내 장소,1,AVAILABLE,True,2025-11-02,126.9845127,37.417045
3904683204,1781485236,두물머리 양평해장국 용인직영점,place,음식점,DINING,경기,용인시,경기 용인시 처인구 백옥대로 1018 1층 101호,,내 장소,1,AVAILABLE,True,2025-11-02,127.2111243,37.2267126
3904660260,21695787,남부식당 인덕원점,place,음식점,DINING,경기,안양시,경기 안양시 동안구 흥안대로493번길 11 남부식당,,내 장소,1,AVAILABLE,True,2025-11-02,126.975994,37.3982365
3902413483,19494463,곤지암토담,place,음식점,DINING,경기,광주시,경기 광주시 곤지암읍 광여로 414 곤지암토담,,내 장소,1,AVAILABLE,True,2025-11-02,127.3814711,37.3652919
3871492004,32699536,스시자쿠와 룸스시카야,place,BAR,BAR,경기,안양시,경기 안양시 만안구 장내로143번길 15 2층,,한강진,1,AVAILABLE,True,2025-10-20,126.9229961,37.3985356
3869756347,,경기 수원시 영통구 원천동 337-86,address,주소/위치,ADDRESS,경기도,수원시,경기도 수원시 영통구 원천동 337-86,,내 장소,1,AVAILABLE,True,2025-10-20,127.0646703,37.2647135
3864974803,1912493531,데일리픽스 강남본점,place,음식점,DINING,서울,강남구,서울 강남구 논현로85길 70 1층 102호,,내 장소,1,AVAILABLE,True,2025-10-18,127.03257,37.4976844
3854398060,1950424701,맛집신코다리네,place,음식점,DINING,경기,용인시,경기 용인시 처인구 신송로 152-4 1층,,내 장소,1,AVAILABLE,True,2025-10-14,127.2482094,37.2280229
1115516678,31305714,은혜샘물교회,place,생활/문화,LIFE_CULTURE,경기,용인시,경기 용인시 기흥구 언동로 156,,내 장소,1,AVAILABLE,True,2023-07-23,127.1410635,37.2812097
3833803790,36938652,산오징어바다,place,음식점,DINING,경기,용인시,경기 용인시 처인구 경안천로 14,,내 장소,1,AVAILABLE,True,2025-10-06,127.210676,37.2343066
3828270345,1236724064,안안,place,음식점,DINING,경기,용인시,경기 용인시 기흥구 죽전로43번길 15-7 1층,,내 장소,1,AVAILABLE,True,2025-10-05,127.1126799,37.3214791
3827901950,1929254025,봉통통,place,카페,CAFE,경기,성남시,경기 성남시 분당구 매화로48번길 13 1층 101호,,내 장소,1,AVAILABLE,True,2025-10-04,127.1353468,37.4119772
3824644164,1895854899,호매실다인로얄팰리스2차,place,일반,GENERAL,경기,수원시,경기 수원시 권선구 금곡로 235,,한강진,1,AVAILABLE,True,2025-10-03,126.9560198,37.2753535
3812323540,1390725546,프랭크커핀바 동탄점,place,카페,CAFE,경기,화성시,경기 화성시 동탄순환대로5길 19 1층,,내 장소,1,AVAILABLE,True,2025-09-28,127.0995573,37.1664548
3812316169,19882013,송원식당,place,음식점,DINING,인천,중구,인천 중구 연안부두로 16 해양센터 1층 송원식당,,한강진,1,AVAILABLE,True,2025-09-28,126.6036068,37.4565647
3794756127,1981597378,LOFT153오피스텔,place,일반,GENERAL,경기,수원시,경기 수원시 권선구 금곡로197번길 18-73,,한강진,1,AVAILABLE,True,2025-09-22,126.9550038,37.2758351
3794420022,683757074,로얄팰리스3,place,일반,GENERAL,경기,시흥시,경기 시흥시 남왕길 24,,한강진,1,AVAILABLE,True,2025-09-22,126.8606732,37.38251
3794308392,1948582905,보세쥬르 오피스텔,place,일반,GENERAL,서울,금천구,서울 금천구 범안로12길 44,,한강진,1,AVAILABLE,True,2025-09-22,126.8922399,37.4647909
3793839053,1996487728,더 스테이 송도,place,숙박,ACCOMMODATION,인천,연수구,인천 연수구 아트센터대로168번길 100 한라웨스턴파크 더 스테이 송도,,한강진,1,AVAILABLE,True,2025-09-21,126.6289627,37.406039
3793419030,1977855888,성심당 DCC점,place,카페,CAFE,대전,유성구,대전 유성구 엑스포로 107,,한강진,1,AVAILABLE,True,2025-09-21,127.3922447,36.3752845
3793416833,601999582,태평소국밥,place,음식점,DINING,대전,유성구,대전 유성구 온천동로65번길 50,,한강진,1,AVAILABLE,True,2025-09-21,127.3502061,36.357456
3790048184,1282518806,스타벅스 대전엑스포스카이점,place,카페,CAFE,대전,유성구,대전 유성구 엑스포로 1 (도룡동) 신세계엑스포점 38층,,한강진,1,AVAILABLE,True,2025-09-20,127.3832386,36.3748937
3786201535,13503927,엉터리통닭,place,음식점,DINING,서울,용산구,서울 용산구 회나무로 38-1,,한강진,1,AVAILABLE,True,2025-09-19,126.9907359,37.5396568
3786166608,20249832,보광동고깃집,place,음식점,DINING,서울,용산구,서울 용산구 보광로5길 6,,한강진,1,AVAILABLE,True,2025-09-19,127.000964,37.52572
3786164101,18733753,종점숯불갈비,place,음식점,DINING,서울,용산구,서울 용산구 장문로 112,,한강진,1,AVAILABLE,True,2025-09-19,127.001936,37.5263893
3786162153,31107793,대성정육식당,place,음식점,DINING,서울,용산구,서울 용산구 서빙고로95길 22,,한강진,1,AVAILABLE,True,2025-09-19,127.0020499,37.5265295
3753814261,37917295,사랑이네,place,음식점,DINING,경기,용인시,경기 용인시 처인구 양지면 양지로119번길 8-9 한국보습영어학원,,내 장소,1,AVAILABLE,True,2025-09-07,127.2826716,37.2351862
3753121837,36963761,큰손식당,place,음식점,DINING,경기,용인시,경기 용인시 기흥구 공세로 243 큰손식당,,내 장소,1,AVAILABLE,True,2025-09-06,127.1034215,37.2421258
3712032376,19866661,평원집,place,음식점,DINING,경기,용인시,경기 용인시 처인구 금령로99번길 15,,내 장소,1,AVAILABLE,True,2025-08-23,127.2064725,37.2370902
3706878024,1854008437,용인청년lab 처인,place,생활/문화,LIFE_CULTURE,경기,용인시,경기 용인시 처인구 명지로40번길 8 삼가프라자 5층,,내 장소,1,AVAILABLE,True,2025-08-21,127.1878526,37.2327136
3695127891,1481517197,만나카페,place,카페,CAFE,경기,과천시,경기 과천시 문원청계2길 50 로고스센터 1층,,내 장소,1,AVAILABLE,True,2025-08-18,127.0093001,37.4216318
3694306015,1222079289,사기막골3주차장,place,자동차,CAR,경기,과천시,경기 과천시 문원동 355-3,,내 장소,1,AVAILABLE,True,2025-08-17,127.0029907,37.4186744
3689456531,36817270,해밀도서관,place,교육,EDUCATION,경기,용인시,경기 용인시 처인구 양지면 교동로18번길 8 양지해밀도서관,,내 장소,1,AVAILABLE,True,2025-08-16,127.2854055,37.237591
3687006805,1282531931,장복골 그릴하우스 불 이천,place,음식점,DINING,경기,이천시,경기 이천시 호법면 중부대로897번길 122 1층,,내 장소,1,AVAILABLE,True,2025-08-15,127.4271707,37.2475987
3680634610,38252085,초필살돼지구이 해운대 본점,place,쇼핑,SHOPPING,부산,해운대구,부산 해운대구 마린시티3로 23 벽산E오렌지프라자 A동 107호,,내 장소,1,AVAILABLE,True,2025-08-13,129.1471004,35.1566153
3632747204,1303949166,양지한우집,place,음식점,DINING,경기,용인시,경기 용인시 처인구 양지면 도창로 13 양지한우집,,내 장소,1,AVAILABLE,True,2025-07-30,127.3214374,37.2161938
3624004113,1910121917,차타임 뉴코아야탑점,place,카페,CAFE,경기,성남시,경기 성남시 분당구 야탑로81번길 11,,내 장소,1,AVAILABLE,True,2025-07-27,127.1276624,37.4102211
3615582174,1828856732,HEY DOUGH,place,카페,CAFE,경기,안양시,경기 안양시 동안구 관악대로 450 헤이도우,,내 장소,1,AVAILABLE,True,2025-07-24,126.9724889,37.4041061
3603312487,37495511,코드라인,place,카페,CAFE,경기,용인시,경기 용인시 처인구 양지면 한터로 687-22 코드라인,,내 장소,1,AVAILABLE,True,2025-07-21,127.27853,37.2628161
3603312000,1980508985,꿈에그린 그로서란트,place,음식점,DINING,경기,용인시,경기 용인시 처인구 포곡읍 포곡로 239-7 신관건물 2층,,내 장소,1,AVAILABLE,True,2025-07-21,127.2274641,37.2779761
3600214618,1922321885,삼대째순두부,place,음식점,DINING,경기,용인시,경기 용인시 처인구 양지면 한터로 532,,내 장소,1,AVAILABLE,True,2025-07-20,127.263033,37.2624371
3598415661,32059578,하주옥진주냉면,place,음식점,DINING,경남,사천시,경남 사천시 사남면 하동길 8-11 하주옥진주냉면,,내 장소,1,AVAILABLE,True,2025-07-19,128.0761082,35.0676003
3579177872,1433698143,이천마장도서관,place,교육,EDUCATION,경기,이천시,경기 이천시 마장면 마장로 11,,내 장소,1,AVAILABLE,True,2025-07-13,127.3542283,37.253851
3579127201,1499111023,한옥에서의하루예랑,place,숙박,ACCOMMODATION,경기,용인시,경기 용인시 처인구 양지면 한터로 538-13 한옥에서의하루예랑,,내 장소,1,AVAILABLE,True,2025-07-13,127.2645623,37.2614024
3545399406,1026473816,바라봄,place,카페,CAFE,경기,의왕시,경기 의왕시 청계로 285,,내 장소,1,AVAILABLE,True,2025-07-04,127.018334,37.4066725
3545383789,12999622,장수촌,place,음식점,DINING,경기,의왕시,경기 의왕시 청계로 183-1 장수촌,,내 장소,1,AVAILABLE,True,2025-07-04,127.0081154,37.4030074
3525675818,1884763608,헤이든,place,카페,CAFE,경기,용인시,경기 용인시 처인구 양지면 평창로 126 1층 헤이든,,내 장소,1,AVAILABLE,True,2025-06-29,127.3181077,37.2344463
3525402304,1945581935,포포인츠 바이 쉐라톤 서울 강남 에볼루션,place,음식점,DINING,서울,강남구,서울 강남구 도산대로 203 3층,,내 장소,1,AVAILABLE,True,2025-06-29,127.0285198,37.5203114
3422361731,1254515351,정개 갈치조림구이 용인 양지점,place,음식점,DINING,경기,용인시,경기 용인시 처인구 양지면 중부대로 2327 1층,,내 장소,1,AVAILABLE,True,2025-05-31,127.2979893,37.2358581
3389561845,1873046653,인덕원성모내과의원,place,생활/문화,LIFE_CULTURE,경기,의왕시,"경기 의왕시 안양판교로 103 제1동 제2층 203, 204호",,내 장소,1,AVAILABLE,True,2025-05-22,126.9854445,37.3953516
3379052131,1112327989,대장부,place,음식점,DINING,경기,성남시,경기 성남시 중원구 둔촌대로113번길 13 1층 101호,,내 장소,1,AVAILABLE,True,2025-05-19,127.1313822,37.4303522
3347326146,,서울 마포구 와우산로15길 40,address,주소/위치,ADDRESS,서울특별시,마포구,서울특별시 마포구 와우산로15길 40,,내 장소,1,AVAILABLE,True,2025-05-11,126.9211756,37.5490098
3339623566,21445895,바로그집 괴정점,place,음식점,DINING,대전,서구,대전 서구 도산로369번길 94,,내 장소,1,AVAILABLE,True,2025-05-09,127.388525,36.340533
3327394346,1682176313,디딤스터디카페 용인센터,place,생활/문화,LIFE_CULTURE,경기,용인시,경기 용인시 처인구 경안천로256번길 47-14 이삭 아파트 상가동 2층 201호,,내 장소,1,AVAILABLE,True,2025-05-05,127.226689,37.2520589
3317062379,1761474849,커피볶는아침컴퍼니,place,카페,CAFE,서울,종로구,서울 종로구 종로16길 13 1층 102호,,내 장소,1,AVAILABLE,True,2025-05-03,126.9887977,37.5694113
3252933514,1942663107,트키 도산,place,카페,CAFE,서울,강남구,서울 강남구 도산대로45길 10-2 1층 트키,,내 장소,1,AVAILABLE,True,2025-04-19,127.0359807,37.523097
3240164403,1630960658,러스틱스모크하우스,place,음식점,DINING,경기,용인시,경기 용인시 처인구 양지면 한터로 432-3 1층 러스틱스모크하우스,,내 장소,1,AVAILABLE,True,2025-04-16,127.2536834,37.2613503
3239641338,1305775693,호두파야 사상점,place,카페,CAFE,부산,사상구,부산 사상구 광장로 74,,내 장소,1,UNAVAILABLE,False,2025-04-16,128.9844781,35.1616714
3239627368,1812501087,에이치에비뉴 사상역점 레지던스호텔,place,숙박,ACCOMMODATION,부산,사상구,부산 사상구 새벽로223번길 20 에이치에비뉴 사상역점 레지던스호텔,,내 장소,1,AVAILABLE,True,2025-04-16,128.9832123,35.1614369
3181758421,1655086560,칙피스 성수점,place,음식점,DINING,서울,성동구,서울 성동구 연무장5길 9-16 블루스톤타워 1층 101호,,내 장소,1,AVAILABLE,True,2025-04-07,127.0528627,37.5444301
3181235660,835575772,현산부인과의원,place,생활/문화,LIFE_CULTURE,경기,용인시,경기 용인시 기흥구 죽전로 52 훼미리프라자3층,,내 장소,1,AVAILABLE,True,2025-04-06,127.1146708,37.3202975
3150399287,1846214116,아베크 청담,place,음식점,DINING,서울,강남구,서울 강남구 선릉로 823 1층,,내 장소,1,AVAILABLE,True,2025-04-02,127.0392088,37.5258541
3150394732,1341393737,벙커컴퍼니 압구정점,place,카페,CAFE,서울,강남구,"서울 강남구 언주로167길 23 1,2층",,내 장소,1,AVAILABLE,True,2025-04-02,127.0312294,37.5263818
3137924502,1019866860,빌즈 강남,place,음식점,DINING,서울,강남구,서울 강남구 테헤란로 142 아크플레이스 2층,,내 장소,1,AVAILABLE,True,2025-03-31,127.0349088,37.4997149
3129889233,1330604532,명상정원,place,여행,TRAVEL,대전광역시,동구,대전광역시 동구 추동 680,,내 장소,1,AVAILABLE,True,2025-03-29,127.4857115,36.3795802
3087887961,1826984139,레 부르주아,place,BAR,BAR,서울,강남구,서울 강남구 강남대로152길 46 2층,,내 장소,1,AVAILABLE,True,2025-03-23,127.0229542,37.5181576
3087863106,1621296173,플라워아티장베이커리 가로수,place,카페,CAFE,서울,강남구,서울 강남구 압구정로2길 45 1층 플라워베이커리,,내 장소,1,AVAILABLE,True,2025-03-23,127.0210534,37.5189603
3087785484,12447840,김영모과자점 도곡타워점,place,카페,CAFE,서울,강남구,서울 강남구 언주로30길 10 현대비젼21,,내 장소,1,AVAILABLE,True,2025-03-23,127.0513862,37.4874024
3084551873,1439471869,카페명암,place,카페,CAFE,경기,용인시,경기 용인시 처인구 중부대로1299번길 12 2층,,내 장소,1,AVAILABLE,True,2025-03-22,127.1896387,37.2371818
3074535558,1607800823,웅이네오돌뼈 처인점,place,음식점,DINING,경기,용인시,경기 용인시 처인구 금령로27번길 22-26 101호,,내 장소,1,AVAILABLE,True,2025-03-20,127.1995165,37.2361415
2974647111,1487459290,크림라벨 신사점,place,카페,CAFE,서울,강남구,서울 강남구 강남대로154길 37 1층 크림라벨,,내 장소,1,AVAILABLE,True,2025-03-01,127.0220053,37.5184308
2971747821,19227817,포레스트하우스오피스텔,place,일반,GENERAL,경기,성남시,경기 성남시 분당구 벌말로30번길 46,,내 장소,1,AVAILABLE,True,2025-03-01,127.1424453,37.4094266
2893146144,32389945,이라면본점,place,음식점,DINING,경기,수원시,경기 수원시 장안구 서부로2106번길 18,,내 장소,1,AVAILABLE,True,2025-02-15,126.9714449,37.2970589
2893145980,1044146261,아늑,place,음식점,DINING,경기,수원시,경기 수원시 장안구 서부로2106번길 36-4 1층,,내 장소,1,AVAILABLE,True,2025-02-15,126.972051,37.297583
2890139054,11712486,실로암메밀국수,place,음식점,DINING,강원,양양군,강원 양양군 강현면 장산4길 8-5 실로암메밀국수,,내 장소,1,AVAILABLE,True,2025-02-15,128.5904821,38.1377004
2851635657,1328606032,지정타한의원,place,생활/문화,LIFE_CULTURE,경기,과천시,경기 과천시 과천대로7길 20 A동 227호,,내 장소,1,AVAILABLE,True,2025-02-08,126.9791781,37.4141254
2794897527,1097298749,용갈이뷔페,place,음식점,DINING,경기,수원시,"경기 수원시 영통구 신원로 304 3동, 1층 용갈이뷔페",,내 장소,1,AVAILABLE,True,2025-01-28,127.061023,37.2623828
2783455590,19291209,솥뚜껑삼겹살,place,음식점,DINING,경기,용인시,경기 용인시 처인구 양지면 양지로143번길 5-10,,내 장소,1,AVAILABLE,True,2025-01-25,127.2831173,37.2351876
2783454401,1658162760,양지회관,place,음식점,DINING,경기,용인시,경기 용인시 처인구 양지면 남평로 51 1층,,내 장소,1,AVAILABLE,True,2025-01-25,127.2900756,37.2297933
2658511145,1597462090,카페요시,place,카페,CAFE,경기,용인시,경기 용인시 처인구 명지로40번길 15-15 골든프라자 1층 107호,,내 장소,1,AVAILABLE,True,2025-01-04,127.1867741,37.2313501
2655205796,1983200554,시스커피앤베이글,place,카페,CAFE,경기,과천시,경기 과천시 과천대로7길 20 1층 117호,,내 장소,1,AVAILABLE,True,2025-01-04,126.9791781,37.4141254
2655201331,1500579884,달리는커피 과천지식정보타운점,place,카페,CAFE,경기,과천시,경기 과천시 과천대로7길 26 B타워 1층 159호,,내 장소,1,AVAILABLE,True,2025-01-04,126.9793999,37.4147815
2639062716,1945083829,라임그라스,place,카페,CAFE,경기,용인시,경기 용인시 처인구 양지면 한터로 529-9 라임그라스,,내 장소,1,AVAILABLE,True,2025-01-01,127.2632581,37.2636189
2639057812,1922131632,더레이어하우스 본점,place,카페,CAFE,경기,용인시,경기 용인시 처인구 포곡읍 포곡로124번길 7 유정빌딩 1층 더레이어하우스,,내 장소,1,AVAILABLE,True,2025-01-01,127.2196524,37.2700458
2630227277,1893691001,히어커피 과천점,place,카페,CAFE,경기,과천시,경기 과천시 과천대로7길 20 센텀스퀘어 상가 지하층 B148호,,내 장소,1,AVAILABLE,True,2024-12-31,126.9797578,37.4141136
2630225521,1880824873,과천 뚝빵집,place,카페,CAFE,경기,과천시,경기 과천시 과천대로7길 26 과천 센텀스퀘어 B타워 1층 143호,,내 장소,1,AVAILABLE,True,2024-12-31,126.9794,37.4147815
194068715,19294264,민속마을쌍용스윗닷홈아파트,place,일반,GENERAL,경기,용인시,경기 용인시 기흥구 보라동 553,,내 장소,1,AVAILABLE,True,2020-02-20,127.1174184,37.2527994
2593241048,1746155919,평산책방,place,쇼핑,SHOPPING,경남,양산시,경남 양산시 하북면 평산마을1길 17 평산책방,,내 장소,1,AVAILABLE,True,2024-12-25,129.0689148,35.493449
2592417631,1214220121,딤섬점방 용인점,place,음식점,DINING,경기,용인시,경기 용인시 처인구 명지로40번길 8 110호,,내 장소,1,AVAILABLE,True,2024-12-24,127.187853,37.2328522
2587211027,1522569728,KIN COFFEE,place,카페,CAFE,경기,과천시,경기 과천시 과천대로7다길 60 1층,,내 장소,1,AVAILABLE,True,2024-12-23,126.9774234,37.4160137
1876900705,10984611,현대자동차 유성지점,place,쇼핑,SHOPPING,대전,유성구,대전 유성구 도안대로 579,,내 장소,1,AVAILABLE,True,2024-07-18,127.3403776,36.3518226
2496918968,1145103737,노들나루공원주차장,place,교통,TRANSPORTATION,서울,동작구,서울 동작구,,내 장소,1,AVAILABLE,True,2024-12-06,126.9533745,37.5130185
2471171706,430487764,이모네떡볶이,place,음식점,DINING,경기,용인시,경기 용인시 처인구 금령로99번길 11,,내 장소,1,AVAILABLE,True,2024-12-02,127.2070145,37.2366108
2447652267,19873551,백운주말농장,place,음식점,DINING,경기,수원시,경기 수원시 장안구 광교산로 564,,내 장소,1,AVAILABLE,True,2024-11-28,127.015568,37.33186
2393136415,1268364419,크라이치즈버거 강남점,place,음식점,DINING,서울,강남구,서울 강남구 테헤란로8길 28,,내 장소,1,AVAILABLE,True,2024-11-18,127.0318447,37.4970479
2319597517,16265001,센트리아오피스텔,place,일반,GENERAL,대전,중구,대전 중구 계백로 1719,,내 장소,1,AVAILABLE,True,2024-11-03,127.4104179,36.3222556
2319576615,1236641450,대양오피스텔,place,일반,GENERAL,대전,유성구,대전 유성구 온천로 53,,내 장소,1,AVAILABLE,True,2024-11-03,127.3440433,36.3556997
2313336633,19701513,DTVAN오피스텔,place,일반,GENERAL,대전,유성구,대전 유성구 테크노1로 12-22,,내 장소,1,AVAILABLE,True,2024-11-01,127.3877817,36.4300173
2209394871,37647846,고양이부엌,place,음식점,DINING,경기,용인시,경기 용인시 기흥구 평촌2로1번길 17-1,,내 장소,1,AVAILABLE,True,2024-10-10,127.15454,37.2805889
2208161867,1123714723,베툴라,place,카페,CAFE,경기,용인시,경기 용인시 처인구 황새울로 223-18,,내 장소,1,AVAILABLE,True,2024-10-10,127.3530522,37.1099411
2191984061,1119430025,요미우돈교자,place,음식점,DINING,경기,수원시,경기 수원시 팔달구 화서문로32번길 28,,내 장소,1,AVAILABLE,True,2024-10-06,127.0122572,37.2839859
2123814141,1582168310,더샵광교레이크시티,place,일반,GENERAL,경기,수원시,경기 수원시 영통구 광교호수공원로 20,,내 장소,1,AVAILABLE,True,2024-09-21,127.0601441,37.2719398
2123095231,38520712,란저우우육면,place,음식점,DINING,서울,종로구,서울 종로구 창의문로 138,,내 장소,1,AVAILABLE,True,2024-09-20,126.9652616,37.5928064
2123094890,35272285,부빙,place,카페,CAFE,서울,종로구,서울 종로구 창의문로 136,,내 장소,1,AVAILABLE,True,2024-09-20,126.9654273,37.592774
2105344400,52780694,불효자갈비탕,place,음식점,DINING,경기,이천시,경기 이천시 중부대로 645,,내 장소,1,AVAILABLE,True,2024-09-16,127.4073974,37.2532859
2103631002,1945066463,이가네양꼬치 영통점,place,음식점,DINING,경기,수원시,경기 수원시 영통구 청명남로28번길 2,,내 장소,1,AVAILABLE,True,2024-09-16,127.0754477,37.2518935
2063346487,1346993241,베러댄커피,place,카페,CAFE,서울,강남구,서울 강남구 강남대로 620,,내 장소,1,AVAILABLE,True,2024-09-06,127.0195972,37.5170686
2061283264,1352129390,오성만두,place,음식점,DINING,경기,용인시,경기 용인시 처인구 금령로85번길 14-8,,내 장소,1,AVAILABLE,True,2024-09-06,127.2060349,37.2365857
2059560453,33331852,대림아크로텔천안두정,place,일반,GENERAL,충남,천안시,충남 천안시 서북구 성정두정로 70,,내 장소,1,AVAILABLE,True,2024-09-05,127.142117,36.8314816
2050400578,1351998767,카츠랩,place,음식점,DINING,경기,용인시,경기 용인시 처인구 금령로93번길 7-1,,내 장소,1,AVAILABLE,True,2024-09-03,127.2063187,37.2361855
2050264437,11774333,하나은행 수지성복지점,place,생활/문화,LIFE_CULTURE,경기,용인시,경기 용인시 수지구 성복2로 84,,내 장소,1,AVAILABLE,True,2024-09-03,127.0770898,37.3155998
2045127639,12272388,석장리박물관,place,여행,TRAVEL,충남,공주시,충남 공주시 금벽로 990,,내 장소,1,AVAILABLE,True,2024-09-02,127.1889636,36.4477636
2043054682,1306002200,씨드그린,place,카페,CAFE,경기,광주시,경기 광주시 도척윗로 278,,내 장소,1,AVAILABLE,True,2024-09-01,127.2888231,37.3399581
2037261574,343496704,체다앤올리,place,카페,CAFE,서울,성동구,서울 성동구 서울숲2길 32-14,,내 장소,1,AVAILABLE,True,2024-08-31,127.0417964,37.5457808
2027022846,1424405616,휴족시간 용인모현점,place,카페,CAFE,경기,용인시,경기 용인시 처인구 문현로 348,,내 장소,1,AVAILABLE,True,2024-08-28,127.2463642,37.3370666
2022951780,1178103409,스카이뷰리브아파트,place,일반,GENERAL,대전,유성구,대전 유성구 도안대로549번길 60,,내 장소,1,AVAILABLE,True,2024-08-27,127.3368302,36.3497036
2019524950,31949941,돈가네김치찌개 양지점,place,음식점,DINING,경기,용인시,경기 용인시 처인구 남평로 12,,내 장소,1,AVAILABLE,True,2024-08-26,127.2862731,37.2320446
2018993442,1447850612,식껍 용인김량장점,place,음식점,DINING,경기,용인시,경기 용인시 처인구 금령로99번길 6-8,,내 장소,1,AVAILABLE,True,2024-08-26,127.2080293,37.236138
2017185945,1810102359,카페새오개길39,place,카페,CAFE,경기,광주시,경기 광주시 새오개길 39,,내 장소,1,AVAILABLE,True,2024-08-26,127.2298535,37.4382852
2017167738,1347896056,몽트커피,place,카페,CAFE,경기,용인시,경기 용인시 처인구 대대로 17-2,,내 장소,1,AVAILABLE,True,2024-08-26,127.258572,37.2647131
2017166804,1203749659,논 콤팩트,place,카페,CAFE,경기,용인시,경기 용인시 처인구 갈월로 64-4,,내 장소,1,AVAILABLE,True,2024-08-26,127.250846,37.3218093
2017158768,1092952864,청토,place,카페,CAFE,경기,용인시,경기 용인시 처인구 곡현로 399,,내 장소,1,AVAILABLE,True,2024-08-26,127.2194949,37.3205418
2016493437,1174722272,알루엣베이커리,place,카페,CAFE,경기,용인시,경기 용인시 처인구 갈월로 172,,내 장소,1,AVAILABLE,True,2024-08-25,127.2622561,37.3249049
2011560721,1523435137,온새미로,place,음식점,DINING,경기,수원시,경기 수원시 팔달구 화서문로42번길 6,,내 장소,1,AVAILABLE,True,2024-08-24,127.0126094,37.2849256
2011554618,850445885,남문통닭 본점,place,음식점,DINING,경기,수원시,경기 수원시 팔달구 정조로800번길 16,,내 장소,1,AVAILABLE,True,2024-08-24,127.0176345,37.2794684
2011549944,1613852704,이치하치 행궁점,place,음식점,DINING,경기,수원시,경기 수원시 팔달구 수원천로 313,,내 장소,1,AVAILABLE,True,2024-08-24,127.017937,37.2813946
2000140737,11481457,숯골원냉면 본점,place,음식점,DINING,대전,유성구,대전 유성구 신성로84번길 18,,내 장소,1,AVAILABLE,True,2024-08-21,127.3502494,36.3901463
1976536503,1134906178,안영동 제3 공영 주차장입구,place,지도정보,GEO_INFO,대전,중구,대전 중구,,내 장소,1,AVAILABLE,True,2024-08-16,127.3798238,36.2904423
1970271908,1654417158,웅이네오돌뼈 유성점,place,음식점,DINING,대전,유성구,대전 유성구 도안대로567번길 20,,내 장소,1,AVAILABLE,True,2024-08-14,127.3393348,36.3514188
1941998658,1182682353,콘트라,place,음식점,DINING,대전,서구,대전 서구 갈마역로25번길 9-9,,내 장소,1,AVAILABLE,True,2024-08-07,127.3735665,36.3524184
1941996796,1161890209,주감 본점,place,BAR,BAR,대전,서구,대전 서구 갈마역로25번길 17-17,,내 장소,1,AVAILABLE,True,2024-08-07,127.3728983,36.3520252
1941994214,1688924224,라멘 오오타,place,음식점,DINING,대전,서구,대전 서구 갈마역로25번길 27-7,,내 장소,1,AVAILABLE,True,2024-08-07,127.3727057,36.3525004
1941983381,1659187700,사랑손님,place,BAR,BAR,대전,서구,대전 서구 계룡로416번길 51,,내 장소,1,AVAILABLE,True,2024-08-07,127.3727604,36.3480127
1941935267,1982418150,맛찬들왕소금구이 갈마점,place,음식점,DINING,대전,서구,대전 서구 계룡로 398,,내 장소,1,AVAILABLE,True,2024-08-07,127.371708,36.3508632
1941933223,1344058386,가도누들,place,음식점,DINING,대전,서구,대전 서구 계룡로 395,,내 장소,1,AVAILABLE,True,2024-08-07,127.3721407,36.3514274
1941932508,1306683985,심도,place,BAR,BAR,대전,서구,대전 서구 갈마역로25번길 9-20,,내 장소,1,AVAILABLE,True,2024-08-07,127.3732194,36.3519911
1941918144,1165444233,에이트,place,카페,CAFE,대전,유성구,대전 유성구 한밭대로 458,,내 장소,1,AVAILABLE,True,2024-08-07,127.349767,36.3598468
1941913822,1410147999,이니파스타,place,음식점,DINING,대전,유성구,대전 유성구 계룡로52번길 84,,내 장소,1,AVAILABLE,True,2024-08-07,127.3350657,36.3515316
1941896961,1404951401,교동면옥 대전구암점,place,음식점,DINING,대전,유성구,대전 유성구 월드컵대로 289,,내 장소,1,AVAILABLE,True,2024-08-07,127.3323778,36.3489902
1941531242,1013295267,파파라구,place,음식점,DINING,경기,성남시,경기 성남시 분당구 판교역로10번길 22-3,,내 장소,1,AVAILABLE,True,2024-08-06,127.1119743,37.3856896
1941525628,1427764916,인더트립,place,음식점,DINING,경기,용인시,경기 용인시 처인구 금령로12번길 6,,내 장소,1,AVAILABLE,True,2024-08-06,127.1976673,37.234358
1936968441,451018930,전주집 본점,place,음식점,DINING,대전,유성구,대전 유성구 온천로 74,,내 장소,1,AVAILABLE,True,2024-08-05,127.3459507,36.3545742
1931023177,1108800046,온마중,place,음식점,DINING,경기,수원시,경기 수원시 영통구 창룡대로256번길 77,,내 장소,1,AVAILABLE,True,2024-08-03,127.0409863,37.295951
1931016209,38287492,이창노녹두삼계탕메기매운탕 민속촌본점,place,음식점,DINING,경기,용인시,경기 용인시 기흥구 사은로 74,,내 장소,1,AVAILABLE,True,2024-08-03,127.1133419,37.2553609
1931011875,38767197,대박김밥,place,음식점,DINING,경기,용인시,경기 용인시 처인구 양지로 111,,내 장소,1,AVAILABLE,True,2024-08-03,127.2807331,37.2346316
1930993396,1433783634,600도 화덕 수제버거&화덕피자 본점,place,음식점,DINING,경기,용인시,경기 용인시 처인구 남평로199번길 20,,내 장소,1,AVAILABLE,True,2024-08-03,127.3047391,37.2304729
1921568518,1429442853,이마트24 대전복용빌리지점,place,마트/편의점,SUPERMARKET,대전,유성구,대전 유성구 복용북로 25-6,,내 장소,1,AVAILABLE,True,2024-08-01,127.3109298,36.3442667
1887592951,1012543934,굽돌이 삼겹살,place,음식점,DINING,대전,서구,대전 서구 대덕대로185번길 62,,내 장소,1,AVAILABLE,True,2024-07-21,127.3744353,36.351408
1887061476,1487492348,텐퍼센트커피 부산차이나타운점,place,카페,CAFE,부산,동구,부산 동구 중앙대로 183,,내 장소,1,AVAILABLE,True,2024-07-21,129.038689,35.1136785
1883852007,16433174,이재모피자 본점,place,음식점,DINING,부산,중구,부산 중구 광복중앙로 31,,내 장소,1,AVAILABLE,True,2024-07-20,129.030776,35.1021296
1883808803,11493710,코모도호텔부산,place,숙박,ACCOMMODATION,부산,중구,부산 중구 중구로 151,,내 장소,1,AVAILABLE,True,2024-07-20,129.035303,35.1089079
1883808499,594242077,송도해상케이블카,place,여행,TRAVEL,부산,서구,부산 서구 송도해변로 171,,내 장소,1,AVAILABLE,True,2024-07-20,129.0233986,35.0766432
1883096260,1847875346,전포카페거리,place,여행,TRAVEL,부산,부산진구,부산 부산진구 동천로 92,,내 장소,1,AVAILABLE,True,2024-07-20,129.0638746,35.1553976
1878090887,1756030846,모토이시 봉명점,place,음식점,DINING,대전,유성구,대전 유성구 문화원로 94,,내 장소,1,AVAILABLE,True,2024-07-18,127.3463067,36.3587892
1877167014,15939064,철수네매운갈비찜,place,음식점,DINING,대전,유성구,대전 유성구 대학로 31,,내 장소,1,AVAILABLE,True,2024-07-18,127.3417067,36.3565702
1877060216,16081232,신락원 금호점,place,음식점,DINING,광주,서구,광주 서구 운천로 15,,내 장소,1,AVAILABLE,True,2024-07-18,126.8589884,35.1339988
1875831113,424658987,라마다앙코르 바이 윈덤 부산 해운대,place,숙박,ACCOMMODATION,부산,해운대구,부산 해운대구 구남로 9,,내 장소,1,AVAILABLE,True,2024-07-17,129.1596172,35.1633235
1867534388,1796025629,H STYLE 헤어살롱 용인점,place,생활/문화,LIFE_CULTURE,경기,용인시,경기 용인시 처인구 중부대로 1294,,내 장소,1,AVAILABLE,True,2024-07-15,127.1883042,37.2354739
1865957679,13573708,강민주의들밥 본점,place,음식점,DINING,경기,이천시,경기 이천시 지산로22번길 17,,내 장소,1,AVAILABLE,True,2024-07-14,127.3678715,37.2215425
1857652768,1878758565,얼칼,place,음식점,DINING,대전,서구,대전 서구 신갈마로 141,,내 장소,1,AVAILABLE,True,2024-07-12,127.3682336,36.3463966
1849372247,1642217422,우지커피 대전갈마점,place,카페,CAFE,대전,서구,대전 서구 신갈마로 186,,내 장소,1,AVAILABLE,True,2024-07-09,127.3683878,36.3503622
1848266025,16285434,갈마2동공영주차장,place,자동차,CAR,대전,서구,대전 서구 갈마중로30번길 15-5,,내 장소,1,AVAILABLE,True,2024-07-09,127.3731988,36.3471938
1846714137,1120478864,어텀바이브,place,음식점,DINING,경기,용인시,경기 용인시 처인구 금령로56번길 5-16,,내 장소,1,AVAILABLE,True,2024-07-08,127.2040939,37.2343045
1834080748,1159223756,떡볶이농장 대전둔산점,place,음식점,DINING,대전,서구,대전 서구 대덕대로233번길 17,,내 장소,1,AVAILABLE,True,2024-07-05,127.3780913,36.3534168
1834080344,1515813988,라면의재미 둔산점,place,음식점,DINING,대전,서구,대전 서구 둔산중로 54,,내 장소,1,AVAILABLE,True,2024-07-05,127.3871167,36.3515941
1834035807,1264278593,아임일리터 갈마점,place,카페,CAFE,대전,서구,대전 서구 갈마중로 30,,내 장소,1,AVAILABLE,True,2024-07-05,127.3726655,36.3475832
1834031207,1977598370,하얼번,place,음식점,DINING,대전,서구,대전 서구 대덕대로135번길 11,,내 장소,1,AVAILABLE,True,2024-07-05,127.3741344,36.3457097
1832784657,1323586571,푸디푸디,place,카페,CAFE,대전,서구,대전 서구 계룡로509번길 55,,내 장소,1,AVAILABLE,True,2024-07-04,127.3833006,36.3460947
1832784422,1895200414,정김밥,place,음식점,DINING,대전,서구,대전 서구 둔산북로 22,,내 장소,1,AVAILABLE,True,2024-07-04,127.3767765,36.3556548
1831742752,1306016184,메가MGC커피 갈마네거리점,place,카페,CAFE,대전,서구,대전 서구 신갈마로 198,,내 장소,1,AVAILABLE,True,2024-07-04,127.3683585,36.3512567
1831705815,1304026683,헬로베트남쌀국수 대전한밭대점,place,음식점,DINING,대전,유성구,대전 유성구 학하서로121번길 31-3,,내 장소,1,AVAILABLE,True,2024-07-04,127.2995957,36.3488164
1831688281,71467550,제주고기국수하르방,place,음식점,DINING,대전,유성구,대전 유성구 동서대로179번길 61,,내 장소,1,AVAILABLE,True,2024-07-04,127.2972938,36.348569
1831682571,307180617,황서옥,place,음식점,DINING,대전,유성구,대전 유성구 동서대로179번길 38,,내 장소,1,AVAILABLE,True,2024-07-04,127.2965007,36.347731
1830507910,13491087,적상산,place,여행,TRAVEL,전북,무주군,전북 무주군,,내 장소,1,AVAILABLE,True,2024-07-04,127.6901947,35.946378
1825241795,752827541,태평소국밥,place,음식점,DINING,대전,서구,대전 서구 둔산로31번길 52,,내 장소,1,AVAILABLE,True,2024-07-02,127.3776577,36.3541045
1825113534,38274988,길선인순두부찌개전문점 궁동본점,place,음식점,DINING,대전,유성구,대전 유성구 궁동로18번길 89,,내 장소,1,AVAILABLE,True,2024-07-02,127.3523298,36.3628623
1825111813,1285819299,씨멘트 충남대점,place,음식점,DINING,대전,유성구,대전 유성구 대학로 131,,내 장소,1,AVAILABLE,True,2024-07-02,127.3482296,36.3612818
1825111046,13188136,맛존매콤닭갈비 궁동점,place,음식점,DINING,대전,유성구,대전 유성구 대학로155번길 38,,내 장소,1,AVAILABLE,True,2024-07-02,127.3507493,36.3624327
1825108973,38534013,오늘은파스타,place,음식점,DINING,대전,유성구,대전 유성구 대학로137번길 28,,내 장소,1,AVAILABLE,True,2024-07-02,127.3489102,36.3623036
1825101576,1919837533,뎅뎅뎅 연어와 덮밥 궁동본점,place,음식점,DINING,대전,유성구,대전 유성구 대학로155번길 32,,내 장소,1,AVAILABLE,True,2024-07-02,127.350696,36.3621751
1823061301,1491170135,원산시도삭면,place,음식점,DINING,대전,서구,대전 서구 둔지로 11,,내 장소,1,AVAILABLE,True,2024-07-01,127.3756462,36.3507707
1821916411,1595931906,GTS버거,place,음식점,DINING,대전,서구,대전 서구 계룡로416번길 13,,내 장소,1,AVAILABLE,True,2024-07-01,127.3735463,36.3493933
1820941391,32042567,좋은하루1차아파트,place,일반,GENERAL,대전,서구,대전 서구 대덕대로167번길 43,,내 장소,1,AVAILABLE,True,2024-07-01,127.3742755,36.3492834
1799067071,1290520334,투웨이버거 The Grill,place,음식점,DINING,대전,동구,대전 동구 충정로 108,,내 장소,1,AVAILABLE,True,2024-06-24,127.4519422,36.3444
1798077758,1635129666,대전보건대학교지하주차장입구,place,지도정보,GEO_INFO,대전,동구,대전 동구,,내 장소,1,AVAILABLE,True,2024-06-24,127.4550377,36.3490192
1797435955,19618959,광덕떡방앗간,place,쇼핑,SHOPPING,대전,중구,대전 중구 계룡로874번길 75,,내 장소,1,AVAILABLE,True,2024-06-23,127.4071579,36.3221968
1789837480,1545223630,아이소,place,카페,CAFE,경기,용인시,경기 용인시 처인구 은이로 72,,내 장소,1,AVAILABLE,True,2024-06-21,127.277825,37.2237688
1775728215,1905138165,월평도서관,place,교육,EDUCATION,대전,서구,대전 서구 한밭대로 664,,내 장소,1,AVAILABLE,True,2024-06-16,127.3723097,36.3570874
1762958880,1950923992,싶빵공장 둔산월평점,place,카페,CAFE,대전,서구,대전 서구 청사로 130,,내 장소,1,AVAILABLE,True,2024-06-12,127.3783027,36.3595972
1759157252,11591316,대전보건대학교,place,교육,EDUCATION,대전,동구,대전 동구 충정로 21,,내 장소,1,AVAILABLE,True,2024-06-11,127.4545662,36.3494241
1756632215,71336136,제이아이티,place,일반,GENERAL,대전,유성구,대전 유성구,,내 장소,1,AVAILABLE,True,2024-06-10,127.3121913,36.3441107
1732170170,,대전 유성구 복용북로33번길 8-16,address,주소/위치,ADDRESS,대전광역시,유성구,대전광역시 유성구 복용북로33번길 8-16,,내 장소,1,AVAILABLE,True,2024-06-03,127.3122001,36.3441116
1698983708,1303129258,가곡유황온천,place,여행,TRAVEL,강원,삼척시,강원 삼척시,,내 장소,1,AVAILABLE,True,2024-05-22,129.2062389,37.1507296
1694223470,1513065960,정그리다,place,카페,CAFE,경기,용인시,경기 용인시 처인구 백옥대로 1311,,내 장소,1,AVAILABLE,True,2024-05-20,127.2104844,37.2521033
1689955170,332295078,오브베이커리,place,카페,CAFE,경기,용인시,경기 용인시 기흥구 동백중앙로 283,,내 장소,1,AVAILABLE,True,2024-05-19,127.1542076,37.2776841
1658542176,1824335012,텐퍼센트커피 용인드마크데시앙점,place,카페,CAFE,경기,용인시,경기 용인시 처인구,,내 장소,1,AVAILABLE,True,2024-05-08,127.2061412,37.2342966
1656324394,12985100,감나무집기사식당,place,음식점,DINING,서울,마포구,서울 마포구 연남로 25,,내 장소,1,AVAILABLE,True,2024-05-07,126.9221264,37.5617166
1650852374,1232387490,수목금토 카페,place,카페,CAFE,서울,강남구,서울 강남구 강남대로136길 63,,내 장소,1,AVAILABLE,True,2024-05-05,127.0254989,37.5145056
1650605526,12957666,학성유통,place,음식점,DINING,경기,용인시,경기 용인시 처인구 백옥대로 853,,내 장소,1,AVAILABLE,True,2024-05-05,127.2083129,37.212345
1637006974,1657893010,뉴스타하이볼 삼성점,place,BAR,BAR,서울,강남구,서울 강남구 삼성로104길 12,,내 장소,1,AVAILABLE,True,2024-04-29,127.0557514,37.5108643
1614882814,1406043992,한국외국어대학교 서울캠퍼스오바마홀,place,교육,EDUCATION,서울,동대문구,서울 동대문구 이문로 107,,내 장소,1,AVAILABLE,True,2024-04-20,127.058532,37.5976473
1613033811,1209180080,팀호완 삼성점,place,음식점,DINING,서울,강남구,서울 강남구 봉은사로86길 30,,내 장소,1,AVAILABLE,True,2024-04-19,127.0568554,37.5114017
1607997501,1844994195,작심한돈,place,음식점,DINING,울산,중구,울산 중구 태화강국가정원길 229,,내 장소,1,AVAILABLE,True,2024-04-17,129.2994243,35.5511575
1585195874,1862645318,어죽대부 용인양지점,place,음식점,DINING,경기,용인시,경기 용인시 처인구 양지면 양지로 70,,내 장소,1,AVAILABLE,True,2024-04-08,127.2767284,37.2327605
1542695810,33410026,유메노키친,place,음식점,DINING,경기,성남시,경기 성남시 분당구 성남대로 51,,내 장소,1,AVAILABLE,True,2024-03-21,127.1080038,37.3405184
1542457307,90361006,설화양꼬치,place,음식점,DINING,경기,용인시,경기 용인시 처인구 금령로27번길 15,,내 장소,1,AVAILABLE,True,2024-03-20,127.1983802,37.2356943
1512919741,19067189,이천송정신일2차아파트,place,일반,GENERAL,경기,이천시,경기 이천시 증신로291번길 149,,내 장소,1,AVAILABLE,True,2024-03-07,127.4315517,37.2955486
1504683712,36980141,날으는김밥,place,음식점,DINING,경기,용인시,경기 용인시 처인구 모현읍 백옥대로2384번길 21-41,,내 장소,1,AVAILABLE,True,2024-03-04,127.249996,37.3366995
1495024262,772919761,어썸PT,place,여가,ENTERTAINMENT,경기,용인시,경기 용인시 기흥구 구성3로28번길 16,,내 장소,1,AVAILABLE,True,2024-02-28,127.1521111,37.2949998
1478924214,11583184,소노휴 양평,place,숙박,ACCOMMODATION,경기,양평군,경기 양평군 개군면 신내길7번길 55,,내 장소,1,AVAILABLE,True,2024-02-21,127.532607,37.4691848
1478788433,1493959618,수원 왕가리 본점,place,음식점,DINING,경기,수원시,경기 수원시 영통구 권선로803번길 36,,내 장소,1,AVAILABLE,True,2024-02-21,127.0399955,37.2569005
1476780519,1328825642,설화참치,place,음식점,DINING,경기,용인시,경기 용인시 처인구 명지로60번길 8-13,,내 장소,1,AVAILABLE,True,2024-02-20,127.1873721,37.2319262
1476778916,1493691200,쇼쿠지 역북점,place,음식점,DINING,경기,용인시,경기 용인시 처인구 명지로60번길 8-12,,내 장소,1,AVAILABLE,True,2024-02-20,127.1879374,37.2318472
1467895784,1471842503,한국산업인력공단 충북북부지사,place,공공,PUBLIC,충북,충주시,충북 충주시 호암수청2로 14,,내 장소,1,AVAILABLE,True,2024-02-16,127.9231915,36.9563298
1463277677,504379348,이진상회,place,카페,CAFE,경기,이천시,경기 이천시 마장면 서이천로 648,,내 장소,1,AVAILABLE,True,2024-02-14,127.4000128,37.2790116
1463270268,1763240078,시래마루 이천본점,place,음식점,DINING,경기,이천시,경기 이천시 신둔면 서이천로 887,,내 장소,1,AVAILABLE,True,2024-02-14,127.3998243,37.2972449
1461529672,1781659302,구벼울,place,카페,CAFE,경기,양평군,경기 양평군 옥천면 남한강변길 123-19,,내 장소,1,AVAILABLE,True,2024-02-13,127.4249258,37.5088187
1454499161,18479382,비테스코 테크놀로지스 코리아,place,일반,GENERAL,경기,이천시,경기 이천시 사음로 45-29,,내 장소,1,AVAILABLE,True,2024-02-10,127.4171864,37.3002008
1401802494,13491599,고래불해수욕장,place,여행,TRAVEL,경북,영덕군,경북 영덕군 병곡면 고래불로 68,,내 장소,1,AVAILABLE,True,2024-01-16,129.4117789,36.5987381
1401790585,13491159,장사해수욕장,place,여행,TRAVEL,경북,영덕군,경북 영덕군 남정면,,내 장소,1,AVAILABLE,True,2024-01-16,129.3754505,36.2831679
1370817386,1247097842,산에언덕에,place,음식점,DINING,경기,용인시,경기 용인시 처인구 임원로 30,,내 장소,1,AVAILABLE,True,2023-12-30,127.2305388,37.2519453
1370258271,1593257552,단성무이 용인역북점,place,BAR,BAR,경기,용인시,경기 용인시 처인구 명지로40번길 15-9,,내 장소,1,AVAILABLE,True,2023-12-30,127.1867313,37.2315696
1364756176,1023514525,10593 베이글커피하우스,place,카페,CAFE,경기,수원시,경기 수원시 권선구 세권로166번길 31,,내 장소,1,AVAILABLE,True,2023-12-27,127.021857,37.2547013
1364269577,18216844,야후노래연습장,place,여가,ENTERTAINMENT,경기,수원시,경기 수원시 팔달구 인계로166번길 48-15,,내 장소,1,AVAILABLE,True,2023-12-27,127.0340301,37.2643875
1364267279,31694797,썬노래타운,place,여가,ENTERTAINMENT,경기,수원시,경기 수원시 팔달구 인계로138번길 49,,내 장소,1,AVAILABLE,True,2023-12-27,127.0319962,37.2647727
1361664372,1080735661,담솥 용인역북점,place,음식점,DINING,경기,용인시,경기 용인시 처인구 명지로40번길 10,,내 장소,1,AVAILABLE,True,2023-12-26,127.1874202,37.2327794
1311451501,1550893401,24시스탠다드동물의료센터,place,생활/문화,LIFE_CULTURE,서울,송파구,서울 송파구 위례송파로 77,,내 장소,1,AVAILABLE,True,2023-11-24,127.1422925,37.4854296
1308732863,1492883782,범브레드,place,카페,CAFE,경기,수원시,경기 수원시 영통구 광교호수공원로 277,,내 장소,1,AVAILABLE,True,2023-11-22,127.0560637,37.2844665
1308732736,1305352813,스틸존,place,카페,CAFE,경기,용인시,경기 용인시 처인구 모현읍 문현로 166,,내 장소,1,AVAILABLE,True,2023-11-22,127.2276292,37.3427936
1299790354,757283373,르뺑데쟈코벵,place,카페,CAFE,경기,용인시,경기 용인시 기흥구 평촌2로1번길 35,,내 장소,1,AVAILABLE,True,2023-11-16,127.1534855,37.2792841
1297212025,1906851257,펀더멘탈 브루잉,place,BAR,BAR,경기,수원시,경기 수원시 영통구 매영로269번길 61,,내 장소,1,AVAILABLE,True,2023-11-15,127.0676147,37.2604181
1292365465,11839435,능골매운탕,place,음식점,DINING,경기,파주시,경기 파주시 조리읍 삼릉로 45,,내 장소,1,AVAILABLE,True,2023-11-12,126.8262685,37.7405856
1283052633,11698483,제이비미소이비인후과의원,place,생활/문화,LIFE_CULTURE,서울,강남구,서울 강남구 논현로 841,,내 장소,1,AVAILABLE,True,2023-11-06,127.028012,37.5241629
1271637445,846413555,샤로스톤,place,음식점,DINING,서울,동대문구,서울 동대문구 휘경로2가길 5,,내 장소,1,AVAILABLE,True,2023-10-29,127.0612476,37.5954345
1263041367,11620455,진상샤브샤브 서초점,place,음식점,DINING,서울,서초구,서울 서초구 효령로77길 30,,내 장소,1,AVAILABLE,True,2023-10-24,127.0291088,37.4917097
1247009705,1537940586,우무,place,카페,CAFE,제주,제주시,제주 제주시 한림읍 한림로 542-1,,내 장소,1,AVAILABLE,True,2023-10-14,126.2564148,33.4059243
1245099824,1423607870,봉이치킨 역북점,place,음식점,DINING,경기도,용인시,경기도 용인시 처인구 역북동 441-1,,내 장소,1,AVAILABLE,True,2023-10-13,127.1930963,37.236198
1244472622,15288728,동해일미,place,음식점,DINING,강원,강릉시,강원 강릉시 경강로2024번길 29,,내 장소,1,AVAILABLE,True,2023-10-13,128.8933173,37.7516176
1226793813,1305926420,포레스트릿,place,음식점,DINING,경기,광주시,경기 광주시 도척면 도척윗로 278,,내 장소,1,AVAILABLE,True,2023-10-02,127.2922079,37.3374315
1226777127,37375127,벗이미술관,place,생활/문화,LIFE_CULTURE,경기,용인시,경기 용인시 처인구 양지면 학촌로53번길 4,,내 장소,1,AVAILABLE,True,2023-10-02,127.3022286,37.2413023
1172556815,38316183,김청자매운갈비찜 서현점,place,음식점,DINING,경기,성남시,경기 성남시 분당구 황새울로330번길 16,,내 장소,1,AVAILABLE,True,2023-08-27,127.1216305,37.3846783
1162693279,19286529,한국외국어대학교 글로벌캠퍼스창업보육센터,place,교육,EDUCATION,경기,용인시,경기 용인시 처인구 모현읍 외대로 81,,내 장소,1,AVAILABLE,True,2023-08-21,127.2674246,37.3390952
1031820360,1092233963,용용선생 용인역북점,place,BAR,BAR,경기,용인시,경기 용인시 처인구 명지로60번길 8-11,,내 장소,1,AVAILABLE,True,2023-05-26,127.1872947,37.2315468
965846393,38427238,수원시청년지원센터 청년바람지대,place,공공,PUBLIC,경기,수원시,경기 수원시 팔달구 효원로249번길 38,,내 장소,1,AVAILABLE,True,2023-04-06,127.0300917,37.26424
955673205,11527129,서울노인복지센터,place,공공,PUBLIC,서울,종로구,서울 종로구 삼일대로 467,,내 장소,1,AVAILABLE,True,2023-03-29,126.9859151,37.5759437
955397723,13418405,우진해장국,place,음식점,DINING,제주,제주시,제주 제주시 서사로 11,,내 장소,1,AVAILABLE,True,2023-03-29,126.5199694,33.5115389
885798125,19471043,구미동제18호근린공원입구,place,지도정보,GEO_INFO,경기,성남시,경기 성남시 분당구,,내 장소,1,AVAILABLE,True,2023-02-02,127.1119141,37.3405556
876123706,11591645,충남대학교대덕캠퍼스,place,교육,EDUCATION,대전,유성구,대전 유성구 대학로 99,,내 장소,1,AVAILABLE,True,2023-01-25,127.3457442,36.366638
876123540,11871325,성심당 본점,place,카페,CAFE,대전,중구,대전 중구 대종로480번길 15,,내 장소,1,AVAILABLE,True,2023-01-25,127.427342,36.3276672
862219955,13287402,성남탑마을우편취급국,place,공공,PUBLIC,경기,성남시,경기 성남시 분당구 판교로 437,,내 장소,1,AVAILABLE,True,2023-01-13,127.1224806,37.4058236
844524504,1731075474,비홀드커피,place,카페,CAFE,경기,수원시,경기 수원시 영통구 센트럴타운로 107,,내 장소,1,AVAILABLE,True,2022-12-28,127.048091,37.2923066
831810836,11591476,강원대학교춘천캠퍼스,place,교육,EDUCATION,강원,춘천시,강원 춘천시 강원대학길 1,,내 장소,1,AVAILABLE,True,2022-12-16,127.7438324,37.8684418
829447756,66343890,강릉 빵다방,place,카페,CAFE,강원,강릉시,강원 강릉시 남강초교1길 24,,내 장소,1,AVAILABLE,True,2022-12-14,128.9181147,37.7690079
829446900,1790145040,장보는강아지와고양이 강릉점,place,쇼핑,SHOPPING,강원,강릉시,강원 강릉시 경강로2356번길 2,,내 장소,1,AVAILABLE,True,2022-12-14,128.9182888,37.7695268
828619437,1621771668,초당순,place,카페,CAFE,강원,강릉시,강원 강릉시 초당순두부길 48,,내 장소,1,AVAILABLE,True,2022-12-13,128.9136676,37.7878696
828419092,1083326838,씨엠디컴퍼니,place,카페,CAFE,강원,강릉시,강원 강릉시 경포로 489-10,,내 장소,1,AVAILABLE,True,2022-12-13,128.9042845,37.8039164
828315477,1750811006,1938slow,place,카페,CAFE,강원,강릉시,강원 강릉시 임영로141번길 4-6,,내 장소,1,AVAILABLE,True,2022-12-13,128.8910729,37.7539298
828314713,1246478918,중화짬뽕빵,place,카페,CAFE,강원,강릉시,강원 강릉시 금성로13번길 17,,내 장소,1,AVAILABLE,True,2022-12-13,128.9001511,37.7532863
828313254,1464113831,강릉샌드 본점,place,카페,CAFE,강원,강릉시,강원 강릉시 금성로23번길 17,,내 장소,1,AVAILABLE,True,2022-12-13,128.899228,37.7527527
828307608,1995634579,강릉 초당찰떡,place,카페,CAFE,강원,강릉시,강원 강릉시 초당순두부길77번길 20,,내 장소,1,AVAILABLE,True,2022-12-13,128.9148383,37.7914096
828302354,11707099,파라다이스모텔,place,숙박,ACCOMMODATION,강원,강릉시,강원 강릉시 창해로 291,,내 장소,1,AVAILABLE,True,2022-12-13,128.9222449,37.7899282
824678564,35726772,동차밥,place,음식점,DINING,서울,마포구,서울 마포구 연희로1길 57,,내 장소,1,AVAILABLE,True,2022-12-10,126.9263637,37.5614001
823945668,36979829,신한은행365,place,생활/문화,LIFE_CULTURE,경기,성남시,경기 성남시 분당구 서판교로 29,,내 장소,1,AVAILABLE,True,2022-12-09,127.0974287,37.3897292
822218839,1040157240,한양김치찌개,place,음식점,DINING,경기,성남시,경기 성남시 분당구 황새울로351번길 10,,내 장소,1,AVAILABLE,True,2022-12-07,127.1232165,37.3876203
818470265,1412682244,강호연파 성수 숲속산장점,place,음식점,DINING,서울,성동구,서울 성동구 연무장길 3-2,,내 장소,1,AVAILABLE,True,2022-12-03,127.050168,37.5441103
809074522,1263142051,메이크업미,place,생활/문화,LIFE_CULTURE,경기,용인시,경기 용인시 처인구 백옥대로 1297,,내 장소,1,AVAILABLE,True,2022-11-24,127.2120836,37.250595
808897246,1700132111,유베이크샵,place,카페,CAFE,경기,용인시,경기 용인시 처인구 용문로 30-5,,내 장소,1,AVAILABLE,True,2022-11-23,127.1892414,37.2376684
799044454,1551165617,고양이호텔 묘랑묘랑 동탄점,place,생활/문화,LIFE_CULTURE,경기,화성시,경기 화성시 동탄순환대로 127-9,,내 장소,1,AVAILABLE,True,2022-11-14,127.1072915,37.1665438
798156113,11836486,느티나무 도서관,place,교육,EDUCATION,경기,용인시,경기 용인시 수지구 수풍로116번길 22,,내 장소,1,AVAILABLE,True,2022-11-13,127.0961084,37.3340622
797670718,1847255055,삼성래미안이스트팰리스2단지아파트상가,place,쇼핑,SHOPPING,경기,용인시,경기 용인시 수지구 동천로113번길 10,,내 장소,1,AVAILABLE,True,2022-11-12,127.0909749,37.3363483
797107824,1295884493,라스트춘선,place,음식점,DINING,경기,용인시,경기 용인시 처인구 명지로60번길 8-3,,내 장소,1,AVAILABLE,True,2022-11-12,127.1871816,37.2311132
797106404,1836816211,포리,place,음식점,DINING,경기,용인시,경기 용인시 처인구 금령로 43,,내 장소,1,AVAILABLE,True,2022-11-12,127.2008853,37.2350184
789055481,1037761193,분당탑토익학원,place,교육,EDUCATION,경기,성남시,경기 성남시 분당구 황새울로342번길 23,,내 장소,1,AVAILABLE,True,2022-11-04,127.1246106,37.3869006
789025584,33704135,피어커피,place,카페,CAFE,서울,성동구,서울 성동구 광나루로4가길 24,,내 장소,1,AVAILABLE,True,2022-11-04,127.0548911,37.5489171
786539090,1332045256,YBM 서초CBT센터,place,교육,EDUCATION,서울,서초구,서울 서초구 서초대로78길 38,,내 장소,1,AVAILABLE,True,2022-11-01,127.0282454,37.4945464
784463130,1333846456,스타24스터디카페 상무점,place,카페,CAFE,광주,서구,광주 서구 상무중앙로 43,,내 장소,1,AVAILABLE,True,2022-10-30,126.8478289,35.1510031
784379569,17707422,웅진대교,place,지도정보,GEO_INFO,충남,공주시,충남 공주시 우성면,,내 장소,1,AVAILABLE,True,2022-10-30,127.0908008,36.4535952
783225776,,경기도 화성시 남양읍 현대연구소로 150,address,주소/위치,ADDRESS,경기도,화성시,경기도 화성시 남양읍 현대연구소로 150,,내 장소,1,AVAILABLE,True,2022-10-29,126.823083,37.1552772
778814361,1143950655,어뮤즈스튜디오,place,생활/문화,LIFE_CULTURE,경기,용인시,경기 용인시 처인구 명지로16번길 9-23,,내 장소,1,AVAILABLE,True,2022-10-24,127.1881455,37.2330644
769417122,16277886,광주BYC빌딩,place,일반,GENERAL,광주,서구,광주 서구 상무중앙로 43,,내 장소,1,AVAILABLE,True,2022-10-15,126.847831,35.1513545
755511703,36438333,세이블루,place,숙박,ACCOMMODATION,충남,서산시,충남 서산시 팔봉면 호리1길 151,,내 장소,1,AVAILABLE,True,2022-10-02,126.3425601,36.8598815
754444179,35297158,라파린느,place,카페,CAFE,경기,성남시,경기 성남시 중원구 도촌남로 33,,내 장소,1,AVAILABLE,True,2022-10-01,127.1511575,37.4145513
753767045,33866191,두세르,place,카페,CAFE,경기,성남시,경기 성남시 분당구 미금일로74번길 23,,내 장소,1,AVAILABLE,True,2022-10-01,127.1114773,37.3479525
743430609,1945365599,녹화,place,카페,CAFE,경기,남양주시,경기 남양주시 화도읍 북한강로 1171,,내 장소,1,AVAILABLE,True,2022-09-20,127.3443266,37.6183529
743257049,34015652,수타원,place,음식점,DINING,경기,수원시,경기 수원시 영통구 봉영로1482번길 6,,내 장소,1,AVAILABLE,True,2022-09-20,127.0657928,37.2451648
738572031,1665394852,채움카라반글램핑리조트,place,숙박,ACCOMMODATION,경기,가평군,경기 가평군 조종면 운악청계로 898,,내 장소,1,AVAILABLE,True,2022-09-15,127.352229,37.8891034
738571916,34268701,운악산두부골,place,음식점,DINING,경기,가평군,경기 가평군 조종면 현등사길 29,,내 장소,1,AVAILABLE,True,2022-09-15,127.3472876,37.8647138
736878304,1891136138,24시블레스동물메디컬센터,place,생활/문화,LIFE_CULTURE,경기,용인시,경기 용인시 기흥구 동백3로11번길 9,,내 장소,1,AVAILABLE,True,2022-09-13,127.1529776,37.269708
736045849,1912148809,용인 해성동물병원,place,생활/문화,LIFE_CULTURE,경기,용인시,경기 용인시 처인구 명지로40번길 15-9,,내 장소,1,AVAILABLE,True,2022-09-12,127.1866574,37.2317045
724608499,1385470899,이진리,place,카페,CAFE,강원,강릉시,강원 강릉시 임영로 234,,내 장소,1,AVAILABLE,True,2022-08-31,128.8925452,37.7620218
718875191,1465557879,소림커피,place,카페,CAFE,서울,마포구,서울 마포구 월드컵북로5가길 31,,내 장소,1,AVAILABLE,True,2022-08-25,126.9194443,37.5562371
714904308,18755491,홍은동두산위브아파트,place,일반,GENERAL,서울,서대문구,서울 서대문구 모래내로 309,,내 장소,1,AVAILABLE,True,2022-08-21,126.9316657,37.5792
714904043,1826959498,스웨이커피스테이션,place,카페,CAFE,서울,서대문구,서울 서대문구 연희로11길 61,,내 장소,1,AVAILABLE,True,2022-08-21,126.928619,37.5690527
712153476,1463527612,삼동소바,place,음식점,DINING,경기,용인시,경기 용인시 기흥구 이현로29번길 54-3,,내 장소,1,AVAILABLE,True,2022-08-19,127.0986835,37.3036256
712027493,1325429854,R＆J씨어터,place,생활/문화,LIFE_CULTURE,서울,종로구,서울 종로구 낙산길 14,,내 장소,1,AVAILABLE,True,2022-08-18,127.0052997,37.5803385
711999583,279872528,닌베,place,카페,CAFE,강원,양양군,강원 양양군 현남면 인구항길 6,,내 장소,1,AVAILABLE,True,2022-08-18,128.7615008,37.9701151
711007356,1919627037,주문진항 수산물 좌판 풍물시장,place,쇼핑,SHOPPING,강원,강릉시,강원 강릉시 주문진읍 해안로 1758-10,,내 장소,1,AVAILABLE,True,2022-08-17,128.829296,37.8917506
710503707,38531637,한성오메기떡,place,카페,CAFE,제주,제주시,제주 제주시 동문로4길 9-2,,내 장소,1,AVAILABLE,True,2022-08-17,126.5278437,33.5122063
710400688,1655444450,자키커피,place,카페,CAFE,제주,제주시,제주 제주시 오현길 82,,내 장소,1,AVAILABLE,True,2022-08-17,126.5254237,33.5120756
710400462,1476605250,아베베베이커리,place,카페,CAFE,제주,제주시,제주 제주시 동문로6길 4,,내 장소,1,AVAILABLE,True,2022-08-17,126.5287711,33.5126167
710105884,32350232,차가네손두부,place,음식점,DINING,경기,용인시,경기 용인시 처인구 명지로 39,,내 장소,1,AVAILABLE,True,2022-08-17,127.1891698,37.2321594
710100281,11616005,동문재래시장,place,쇼핑,SHOPPING,제주,제주시,제주 제주시 관덕로14길 20,,내 장소,1,AVAILABLE,True,2022-08-17,126.5266989,33.5122509
709667071,1952976241,한라궁오메기떡,place,카페,CAFE,제주,서귀포시,제주 서귀포시 중앙로42번길 16,,내 장소,1,AVAILABLE,True,2022-08-16,126.5633658,33.248461
709194856,1306187552,레이지펌프,place,카페,CAFE,제주,제주시,제주 제주시 애월읍 애월북서길 32,,내 장소,1,AVAILABLE,True,2022-08-16,126.3095404,33.4662686
709046735,34562746,흑돈오리,place,음식점,DINING,제주,서귀포시,제주 서귀포시 이중섭로 5-5,,내 장소,1,AVAILABLE,True,2022-08-16,126.5646637,33.2478192
709046205,1508932793,오또도넛 서귀점,place,카페,CAFE,제주,서귀포시,제주 서귀포시 부두로 16,,내 장소,1,AVAILABLE,True,2022-08-16,126.5651635,33.2438498
709030029,1939662648,성산포수협활어회센터,place,음식점,DINING,제주,서귀포시,제주 서귀포시 성산읍 성산등용로 91,,내 장소,1,AVAILABLE,True,2022-08-16,126.9294511,33.4697622
708370028,12374138,약천사,place,생활/문화,LIFE_CULTURE,제주,서귀포시,제주 서귀포시 이어도로 293-28,,내 장소,1,AVAILABLE,True,2022-08-15,126.4495449,33.2453843
707938076,1790039130,서귀샌드,place,카페,CAFE,제주,서귀포시,제주 서귀포시 태평로 347,,내 장소,1,AVAILABLE,True,2022-08-15,126.558625,33.2466907
707936510,36744838,낭만팥집,place,카페,CAFE,제주,서귀포시,제주 서귀포시 동홍서로96번길 17,,내 장소,1,AVAILABLE,True,2022-08-15,126.5713684,33.2574168
703830598,21362027,SAMS아트센터,place,교육,EDUCATION,서울,마포구,서울 마포구 동교로17길 34,,내 장소,1,AVAILABLE,True,2022-08-11,126.9154923,37.5564908
701832733,37910243,새별농장,place,일반,GENERAL,제주,서귀포시,제주 서귀포시 남원읍 삼덕로21번길 8,,내 장소,1,AVAILABLE,True,2022-08-09,126.7597815,33.2920848
701461431,19010272,대우미래사랑2차아파트,place,일반,GENERAL,서울,영등포구,서울 영등포구 양평로22라길 1,,내 장소,1,AVAILABLE,True,2022-08-09,126.894366,37.5394369
701214522,1940799848,프레드 허쉬,place,BAR,BAR,제주,서귀포시,제주 서귀포시 태평로 416-1,,내 장소,1,AVAILABLE,True,2022-08-08,126.5647688,33.2448039
701151480,36631530,우정회센타 2호점,place,음식점,DINING,제주,서귀포시,제주 서귀포시 중앙로54번길 38,,내 장소,1,AVAILABLE,True,2022-08-08,126.5636036,33.249819
701057816,1194200980,중섭의 집,place,카페,CAFE,제주,서귀포시,제주 서귀포시 명동로 26-1,,내 장소,1,AVAILABLE,True,2022-08-08,126.5647184,33.2472629
700021944,1905967657,주문진어민수산시장,place,쇼핑,SHOPPING,강원,강릉시,강원 강릉시 주문진읍 해안로 1786,,내 장소,1,AVAILABLE,True,2022-08-07,128.8296686,37.8934408
700021943,1905967657,주문진어민수산시장,place,쇼핑,SHOPPING,강원,강릉시,강원 강릉시 주문진읍 해안로 1786,,내 장소,1,AVAILABLE,True,2022-08-07,128.8296686,37.8934408
690213314,1070351925,임당동162,place,카페,CAFE,강원,강릉시,강원 강릉시 토성로 144,,내 장소,1,AVAILABLE,True,2022-07-29,128.8926638,37.7547691
688029712,1299983583,슬레이트룸커피,place,카페,CAFE,제주,서귀포시,제주 서귀포시 안덕면 덕수서로 169,,내 장소,1,AVAILABLE,True,2022-07-27,126.3045511,33.2654489
688028223,37995084,커피파인더,place,카페,CAFE,제주,제주시,제주 제주시 서광로32길 20,,내 장소,1,AVAILABLE,True,2022-07-27,126.5286882,33.4985944
686066468,1245193129,그린웨일,place,카페,CAFE,경기,용인시,경기 용인시 처인구 이동읍 어진로 771,,내 장소,1,AVAILABLE,True,2022-07-26,127.1908063,37.1064313
684545523,1120041311,디그니티호텔,place,숙박,ACCOMMODATION,강원,양양군,강원 양양군 양양읍 일출로 159-5,,내 장소,1,AVAILABLE,True,2022-07-24,128.6406418,38.1085822
677780393,1752662465,포크너 분당점,place,음식점,DINING,경기,성남시,경기 성남시 분당구 정자일로 21,,내 장소,1,AVAILABLE,True,2022-07-17,127.1057909,37.3517105
677589988,1048910074,서피비치,place,여가,ENTERTAINMENT,강원,양양군,강원 양양군 현북면 하조대해안길 119,,내 장소,1,AVAILABLE,True,2022-07-17,128.7175897,38.0280602
666816999,1354908215,타임테라스 동탄점,place,쇼핑,SHOPPING,경기,화성시,경기 화성시 동탄중앙로 220,,내 장소,1,AVAILABLE,True,2022-07-06,127.0691887,37.204769
666587941,1147715019,위례중앙타워,place,일반,GENERAL,경기,성남시,경기 성남시 수정구 위례광장로 300,,내 장소,1,AVAILABLE,True,2022-07-06,127.1426341,37.4734332
650600855,1143373034,생그레,place,카페,CAFE,강원,춘천시,강원 춘천시 소양정길 28-1,,내 장소,1,AVAILABLE,True,2022-06-19,127.7293088,37.8930093
650569644,1197275369,Poke all day 포케&샐러드 용인보정점,place,음식점,DINING,경기,용인시,경기 용인시 기흥구 죽전로15번길 7-16,,내 장소,1,AVAILABLE,True,2022-06-19,127.1092648,37.3213665
641151372,19877340,앙토낭카렘제과점,place,카페,CAFE,경기,성남시,경기 성남시 분당구 불정로 380,,내 장소,1,AVAILABLE,True,2022-06-09,127.1366805,37.3739476
640188368,37577197,용인미하나의원,place,생활/문화,LIFE_CULTURE,경기,용인시,경기 용인시 처인구 금령로 86,,내 장소,1,AVAILABLE,True,2022-06-08,127.2058051,37.2350825
636475089,1534351627,버텍스 동탄점,place,음식점,DINING,경기,화성시,경기 화성시 동탄첨단산업1로 27,,내 장소,1,AVAILABLE,True,2022-06-04,127.0908181,37.2119583
636475088,1534351627,버텍스 동탄점,place,음식점,DINING,경기,화성시,경기 화성시 동탄첨단산업1로 27,,내 장소,1,AVAILABLE,True,2022-06-04,127.0908181,37.2119583
634249697,19282936,용인시청소년수련관주차장,place,교통,TRANSPORTATION,경기,용인시,경기 용인시 처인구 중부대로 1199,,내 장소,1,AVAILABLE,True,2022-06-02,127.175664,37.2403602
634128628,13434137,미영이네식당,place,음식점,DINING,제주,서귀포시,제주 서귀포시 대정읍 하모항구로 42,,내 장소,1,AVAILABLE,True,2022-06-02,126.249784,33.217709
632042033,1462103205,리안베이커리 중동점,place,카페,CAFE,경기,용인시,경기 용인시 기흥구 동백중앙로 203,,내 장소,1,AVAILABLE,True,2022-05-31,127.1517625,37.2715028
627511817,36029392,청원민영주차장,place,자동차,CAR,서울,마포구,서울 마포구 연남동,,내 장소,1,AVAILABLE,True,2022-05-26,126.918398,37.5587935
618083641,1670417542,호미스,place,음식점,DINING,경기,수원시,경기 수원시 팔달구 신풍로 52,,내 장소,1,AVAILABLE,True,2022-05-16,127.0141149,37.2857247
615968578,18812357,명인빌딩,place,일반,GENERAL,서울,강남구,서울 강남구 선릉로112길 87,,내 장소,1,AVAILABLE,True,2022-05-14,127.050485,37.513159
615225118,1374164126,더큐브리조트,place,숙박,ACCOMMODATION,제주,서귀포시,제주 서귀포시 솔오름로105번길 24,,내 장소,1,AVAILABLE,True,2022-05-13,126.5635598,33.2859388
614131360,38325586,청어람기찬짬뽕,place,음식점,DINING,경기,용인시,경기 용인시 기흥구,,내 장소,1,AVAILABLE,True,2022-05-12,127.1088181,37.2321095
605484905,1299023605,서강공인중개사사무소,place,일반,GENERAL,서울,강남구,서울 강남구 봉은사로67길 20,,내 장소,1,AVAILABLE,True,2022-05-03,127.0483678,37.5130299
600615300,1261949411,라온 부동산중개법인,place,일반,GENERAL,서울,강남구,서울 강남구,,내 장소,1,AVAILABLE,True,2022-04-28,127.033205,37.4979876
599930525,1337452676,반기다,place,음식점,DINING,서울,종로구,서울 종로구 익선동,,내 장소,1,AVAILABLE,True,2022-04-27,126.989314,37.5736738
599037178,32705712,153포인츠 부대찌개 용인본점,place,음식점,DINING,경기,용인시,경기 용인시 처인구 한터로 184-29,,내 장소,1,AVAILABLE,True,2022-04-26,127.2342561,37.248632
578386674,1843591418,피아랩 용인음악연습실,place,생활/문화,LIFE_CULTURE,경기,용인시,경기 용인시 기흥구 동백중앙로 283,,내 장소,1,AVAILABLE,True,2022-04-02,127.1539936,37.2776726
567549461,460291946,역삼역센트럴푸르지오시티,place,일반,GENERAL,서울,강남구,서울 강남구 언주로85길 32,,내 장소,1,AVAILABLE,True,2022-03-20,127.0407513,37.5009284
550129989,1405246340,물고기자리,place,음식점,DINING,경기,성남시,경기 성남시 분당구 정자일로 120,,내 장소,1,AVAILABLE,True,2022-02-25,127.1062054,37.3607886
544500343,36968270,참숯막창집,place,음식점,DINING,경기,용인시,경기 용인시 수지구 풍덕천로139번길 11,,내 장소,1,AVAILABLE,True,2022-02-18,127.0958977,37.3246745
541503642,1398558857,프레이저커피 분당본점,place,카페,CAFE,경기,성남시,경기 성남시 분당구 구미로9번길 25,,내 장소,1,AVAILABLE,True,2022-02-14,127.1101311,37.340184
535491467,1596602362,JS아트홀,place,생활/문화,LIFE_CULTURE,서울,종로구,서울 종로구 동숭길 94,,내 장소,1,AVAILABLE,True,2022-02-06,127.0043805,37.582525
534309450,1104584952,브런치 카페르호 용인점,place,카페,CAFE,경기,용인시,경기 용인시 기흥구 강남서로 18,,내 장소,1,AVAILABLE,True,2022-02-04,127.1272617,37.2727416
530322708,1226447414,마북173,place,카페,CAFE,경기,용인시,경기 용인시 기흥구 마북로 141,,내 장소,1,AVAILABLE,True,2022-01-30,127.1225719,37.3031244
525874479,1619714045,이통닭,place,음식점,DINING,경기,용인시,경기 용인시 처인구 명지로40번길 10,,내 장소,1,AVAILABLE,True,2022-01-24,127.1873519,37.2328993
525317933,19091432,밀토랑바지락칼국수,place,음식점,DINING,경기,용인시,경기 용인시 처인구 한터로 18,,내 장소,1,AVAILABLE,True,2022-01-24,127.2138671,37.2543932
525316927,1275580063,우리 설렁탕,place,음식점,DINING,경기,용인시,경기 용인시 처인구 백옥대로 1225,,내 장소,1,AVAILABLE,True,2022-01-24,127.211822,37.2444248
525202263,20759839,바위꽃,place,음식점,DINING,경기,용인시,경기 용인시 처인구,,내 장소,1,AVAILABLE,True,2022-01-23,127.1762007,37.2379586
525201277,1342560122,행복담,place,음식점,DINING,광주,동구,광주 동구 서석로85번길 2,,내 장소,1,AVAILABLE,True,2022-01-23,126.9205976,35.1496343
525200290,37039338,국립아시아문화전당,place,공공,PUBLIC,광주,동구,광주 동구 문화전당로 38,,내 장소,1,AVAILABLE,True,2022-01-23,126.9212433,35.1476072
520285099,1196572041,가치,place,BAR,BAR,제주,제주시,제주 제주시 동한두기길 17,,내 장소,1,AVAILABLE,True,2022-01-17,126.5157768,33.5164503
519256112,1897575336,헤밍웨이베이커리카페 & 다이닝 양지점,place,카페,CAFE,경기,용인시,경기 용인시 처인구 양지면 남평로 59-5,,내 장소,1,AVAILABLE,True,2022-01-16,127.2912123,37.2303373
513312688,1676250764,라무라,place,음식점,DINING,서울,마포구,서울 마포구 포은로 21,,내 장소,1,AVAILABLE,True,2022-01-08,126.9086065,37.5497943
512669010,1086923231,뭉툭,place,음식점,DINING,경기,용인시,경기 용인시 처인구 명지로40번길 15-15,,내 장소,1,AVAILABLE,True,2022-01-07,127.1867172,37.231292
510853921,1576419038,부동산벗공인중개사사무소,place,일반,GENERAL,서울,강남구,서울 강남구 영동대로85길 34,,내 장소,1,AVAILABLE,True,2022-01-05,127.0608653,37.5068399
509156362,1046991190,크웰브,place,카페,CAFE,경기,용인시,경기 용인시 처인구 백옥대로 1330,,내 장소,1,AVAILABLE,True,2022-01-03,127.2128214,37.2534097
509101471,1664919176,블루메베이글,place,카페,CAFE,제주,제주시,제주 제주시 가령로4길 3,,내 장소,1,AVAILABLE,True,2022-01-02,126.5330992,33.4967136
509101095,1663007037,블루메쯔,place,음식점,DINING,경기,성남시,경기 성남시 분당구 발이봉남로25번길 2,,내 장소,1,AVAILABLE,True,2022-01-02,127.1274696,37.3639155
500231245,1789495456,랑데자뷰 서현점,place,카페,CAFE,경기,성남시,경기 성남시 분당구 황새울로360번길 19,,내 장소,1,AVAILABLE,True,2021-12-20,127.1258374,37.385887
494892490,1703002324,더블유스타일도넛,place,카페,CAFE,경기,용인시,경기 용인시 수지구 성복2로 100,,내 장소,1,AVAILABLE,True,2021-12-11,127.0752798,37.315458
491347597,17999136,함스브로트과자점,place,카페,CAFE,서울,도봉구,서울 도봉구 도봉로 483,,내 장소,1,AVAILABLE,True,2021-12-06,127.0345489,37.6489416
478275562,12213915,병점중학교,place,교육,EDUCATION,경기,화성시,경기 화성시 병점3로 71,,내 장소,1,AVAILABLE,True,2021-11-17,127.0399175,37.2104761
474035715,18810729,성원타워,place,일반,GENERAL,서울,강남구,서울 강남구 선릉로 514,,내 장소,1,AVAILABLE,True,2021-11-11,127.0492343,37.5056802
472193296,35913849,언구비공영주차장,place,자동차,CAR,서울,서초구,서울 서초구 강남대로83길 55,,내 장소,1,AVAILABLE,True,2021-11-08,127.0210135,37.5047258
466971189,36435155,르 셰프 블루,place,음식점,DINING,서울,중구,서울 중구 청파로 435-10,,내 장소,1,AVAILABLE,True,2021-10-31,126.9686749,37.558607
465694252,1366975964,미드바르앳홈,place,카페,CAFE,경기,평택시,경기 평택시 장안길 80-2,,내 장소,1,AVAILABLE,True,2021-10-29,127.0820182,37.0587528
458492793,13377154,서울턱치과의원,place,생활/문화,LIFE_CULTURE,서울,서초구,서울 서초구 강남대로85길 5,,내 장소,1,AVAILABLE,True,2021-10-18,127.022669,37.507458
446632114,1037327039,구들짱황소곱창 영통점,place,음식점,DINING,경기,수원시,경기 수원시 영통구 영통로218번길 6,,내 장소,1,AVAILABLE,True,2021-10-01,127.0575078,37.2467157
446533219,1708607665,마이플레이버,place,음식점,DINING,경기,용인시,경기 용인시 기흥구 동백죽전대로527번길 98-8,,내 장소,1,AVAILABLE,True,2021-10-01,127.1440729,37.2815761
445310875,13411016,우돈청,place,음식점,DINING,서울,강남구,서울 강남구 언주로170길 37,,내 장소,1,AVAILABLE,True,2021-09-29,127.0367424,37.5266105
439121288,1438057579,롯데백화점 동탄점,place,쇼핑,SHOPPING,경기,화성시,경기 화성시 동탄역로 160,,내 장소,1,AVAILABLE,True,2021-09-20,127.0979228,37.2006732
435431269,1397029146,더잭슨나인스호텔,place,숙박,ACCOMMODATION,강원,춘천시,강원 춘천시 중앙로 193,,내 장소,1,AVAILABLE,True,2021-09-13,127.7141305,37.8737546
432671164,1196979253,헨즈 뮤직 아카데미,place,교육,EDUCATION,경기,용인시,경기 용인시 기흥구 동백죽전대로527번길 34,,내 장소,1,AVAILABLE,True,2021-09-09,127.1463984,37.2851897
430703330,1448271663,유운커피,place,카페,CAFE,경기,용인시,경기 용인시 처인구 포곡읍 곡현로122번길 15,,내 장소,1,AVAILABLE,True,2021-09-06,127.2245935,37.2979782
404700815,11592607,영덕회식당,place,음식점,DINING,서울,중구,서울 중구 창경궁로1길 6,,내 장소,1,AVAILABLE,True,2021-07-24,126.997996,37.562955
403918060,15606743,중앙식육식당,place,음식점,DINING,경남,거제시,경남 거제시 옥포로 215,,내 장소,1,AVAILABLE,True,2021-07-23,128.690694,34.893752
397289097,1032646095,수지우동집,place,음식점,DINING,경기,용인시,경기 용인시 수지구 풍덕천로129번길 6-6,,내 장소,1,AVAILABLE,True,2021-07-11,127.0961926,37.3239323
391943043,1311823884,스톤엘리시온 역삼,place,일반,GENERAL,서울,강남구,서울 강남구 논현로 337,,내 장소,1,AVAILABLE,True,2021-07-01,127.03929,37.495212
387001297,1090905770,풀베개,place,카페,CAFE,제주,서귀포시,제주 서귀포시 안덕면 화순서서로 492-4,,내 장소,1,AVAILABLE,True,2021-06-24,126.3032501,33.2855186
385844019,1328894218,신짬뽕,place,음식점,DINING,경기,용인시,경기 용인시 처인구 포곡읍 포곡로118번길 51-14,,내 장소,1,AVAILABLE,True,2021-06-22,127.2219205,37.2689437
382189049,34201602,최동민양푼갈비 군산본점,place,음식점,DINING,전북,군산시,전북 군산시 수송안5길 4,,내 장소,1,AVAILABLE,True,2021-06-16,126.7174462,35.9627763
380086374,19296760,광도와이드빌아파트,place,일반,GENERAL,경기,용인시,경기 용인시 기흥구 언동로71번길 64,,내 장소,1,AVAILABLE,True,2021-06-12,127.1450308,37.2874412
379823352,19295985,동일하이빌1차아파트,place,일반,GENERAL,경기,용인시,경기 용인시 기흥구 구성로 105-15,,내 장소,1,AVAILABLE,True,2021-06-12,127.1243038,37.295489
374912350,997063908,카페테이너,place,음식점,DINING,경기,용인시,경기 용인시 기흥구 마북로 170,,내 장소,1,AVAILABLE,True,2021-06-03,127.1249848,37.3042112
374911921,1299147549,수제홀릭,place,음식점,DINING,경기,용인시,경기 용인시 처인구 이동읍 백옥대로 743,,내 장소,1,AVAILABLE,True,2021-06-03,127.2090047,37.2023639
373286971,11574559,용인시 평생학습관,place,교육,EDUCATION,경기,용인시,경기 용인시 수지구 문정로7번길 15,,내 장소,1,AVAILABLE,True,2021-05-31,127.0954805,37.3205391
368689448,1225075866,진원소우 동탄기산점,place,음식점,DINING,경기,화성시,경기 화성시 동탄지성로 339,,내 장소,1,AVAILABLE,True,2021-05-22,127.0494931,37.2235459
361036926,12038865,파라다이스호텔,place,숙박,ACCOMMODATION,전북,군산시,전북 군산시 조촌1길 21,,내 장소,1,AVAILABLE,True,2021-05-08,126.7337189,35.9691573
357380868,751294068,엠코스퀘어720,place,일반,GENERAL,서울,강남구,서울 강남구 언주로85길 14,,내 장소,1,AVAILABLE,True,2021-05-02,127.0419786,37.5012194
357269724,31186578,고기리막국수,place,음식점,DINING,경기,용인시,경기 용인시 수지구 이종무로 157,,내 장소,1,AVAILABLE,True,2021-05-01,127.0400912,37.3599967
352000813,1010525837,스멜츠,place,카페,CAFE,경기,광주시,경기 광주시 오포읍 신현로 103,,내 장소,1,AVAILABLE,True,2021-04-21,127.1584031,37.3603425
351877423,,경기도 광주시 오포읍 문형리 27-17,address,주소/위치,ADDRESS,경기도,광주시,경기도 광주시 오포읍 문형리 27-17,,내 장소,1,AVAILABLE,True,2021-04-21,127.19993,37.3575396
340272764,1991652381,칼리오페,place,카페,CAFE,경기,용인시,경기 용인시 처인구 성산로170번길 23-1,,내 장소,1,AVAILABLE,True,2021-03-28,127.1928371,37.2481399
339924124,11524347,서울밝은세상안과,place,생활/문화,LIFE_CULTURE,서울,강남구,서울 강남구 선릉로 823,,내 장소,1,AVAILABLE,True,2021-03-27,127.0394391,37.5255226
329354059,13173065,플러스실용음악학원,place,교육,EDUCATION,경기,용인시,경기 용인시 기흥구 한보라1로 60,,내 장소,1,AVAILABLE,True,2021-03-05,127.1075609,37.2503772
319598852,1579214852,유니버스트윈1차오피스텔,place,일반,GENERAL,경기,용인시,경기 용인시 처인구 명지로40번길 15-9,,내 장소,1,AVAILABLE,True,2021-02-11,127.1866466,37.231773
319595843,1545319286,고등어식당,place,음식점,DINING,경기,용인시,경기 용인시 처인구 동부로 817,,내 장소,1,AVAILABLE,True,2021-02-11,127.2766083,37.1889983
316121225,1076067554,fullof,place,음식점,DINING,경기,용인시,경기 용인시 처인구 명지로60번길 23-3,,내 장소,1,AVAILABLE,True,2021-02-02,127.1868479,37.2298852
298938858,19213957,계룡리슈빌스카이,place,일반,GENERAL,경기,수원시,경기 수원시 영통구 중부대로 604,,내 장소,1,AVAILABLE,True,2020-12-04,127.0813692,37.2675899
298512348,1070502342,모던224펜션,place,숙박,ACCOMMODATION,경기,가평군,경기 가평군 북면 가화로 1073-154,,내 장소,1,AVAILABLE,True,2020-12-03,127.5417899,37.8863671
297829462,18841588,한진로즈힐아파트,place,일반,GENERAL,서울,강남구,서울 강남구 도산대로46길 21,,내 장소,1,AVAILABLE,True,2020-12-01,127.03682,37.5208809
297827580,18839780,우민아파트,place,일반,GENERAL,서울,강남구,서울 강남구 언주로136길 21,,내 장소,1,AVAILABLE,True,2020-12-01,127.0373919,37.5178666
297825394,18808184,청담현대2차아파트,place,일반,GENERAL,서울,강남구,서울 강남구 선릉로 748,,내 장소,1,AVAILABLE,True,2020-12-01,127.0407663,37.5215554
297299698,19334155,장안위더스빌,place,일반,GENERAL,서울,동대문구,서울 동대문구 한천로 42,,내 장소,1,AVAILABLE,True,2020-11-30,127.0621798,37.5663632
297298718,18854384,동서울한양아파트,place,일반,GENERAL,서울,동대문구,서울 동대문구 답십리로 184,,내 장소,1,AVAILABLE,True,2020-11-30,127.0601741,37.5715766
297298605,18855553,답십리동아아파트,place,일반,GENERAL,서울,동대문구,서울 동대문구 한천로11길 10-1,,내 장소,1,AVAILABLE,True,2020-11-30,127.0618601,37.5692497
297298263,18798984,용답중앙하이츠아파트,place,일반,GENERAL,서울,성동구,서울 성동구 용답중앙27길 10,,내 장소,1,AVAILABLE,True,2020-11-30,127.0553038,37.5634398
294421729,1540200217,가치김밥,place,음식점,DINING,경기,용인시,경기 용인시 기흥구 갈곡로13번길 7,,내 장소,1,AVAILABLE,True,2020-11-22,127.1287221,37.2725917
294191665,1079106444,필아웃커피,place,카페,CAFE,경기,성남시,경기 성남시 분당구 벌말로39번길 9,,내 장소,1,AVAILABLE,True,2020-11-21,127.1372855,37.4114709
293256266,1091178790,펠어커피 강남포스코사거리점,place,카페,CAFE,서울,강남구,서울 강남구 삼성로85길 11,,내 장소,1,AVAILABLE,True,2020-11-19,127.0562683,37.5049005
292594736,1610695632,호시리온커피컴퍼니,place,카페,CAFE,경기,용인시,경기 용인시 기흥구 관곡로77번길 3-12,,내 장소,1,AVAILABLE,True,2020-11-17,127.1147158,37.282193
292134030,18707357,정은스카이빌아파트,place,일반,GENERAL,서울,중구,서울 중구 다산로 56,,내 장소,1,AVAILABLE,True,2020-11-17,127.0077625,37.5491667
291610703,18161487,덕현아파트,place,일반,GENERAL,경기,구리시,경기 구리시 장자대로37번길 55,,내 장소,1,AVAILABLE,True,2020-11-16,127.1336356,37.5906777
291610362,18160612,구리한양우성아파트,place,일반,GENERAL,경기,구리시,경기 구리시 체육관로 45,,내 장소,1,AVAILABLE,True,2020-11-16,127.1369544,37.5890405
290592856,34590424,진대감 선릉점,place,음식점,DINING,서울,강남구,서울 강남구 테헤란로70길 25,,내 장소,1,AVAILABLE,True,2020-11-13,127.0539875,37.5040167
289403435,1549695497,고등호반써밋판교밸리아파트,place,일반,GENERAL,경기,성남시,경기 성남시 수정구 고등로 34,,내 장소,1,AVAILABLE,True,2020-11-11,127.0967367,37.4290999
288068089,18773949,마장동대성유니드아파트,place,일반,GENERAL,서울,성동구,서울 성동구 마장로37길 7,,내 장소,1,AVAILABLE,True,2020-11-08,127.0383632,37.5670165
286729826,18771584,성동삼성쉐르빌아파트,place,일반,GENERAL,서울,성동구,서울 성동구 무학로6길 50,,내 장소,1,AVAILABLE,True,2020-11-05,127.034979,37.5644041
286727838,18773173,마장동현대아파트,place,일반,GENERAL,서울,성동구,서울 성동구 살곶이길 50,,내 장소,1,AVAILABLE,True,2020-11-05,127.0424942,37.5699325
281575570,18779821,금호동벽산아파트,place,일반,GENERAL,서울,성동구,서울 성동구 금호로 100,,내 장소,1,AVAILABLE,True,2020-10-25,127.0267385,37.552717
279915497,11663984,부석사,place,여행,TRAVEL,경북,영주시,경북 영주시 부석면 부석사로 345,,내 장소,1,AVAILABLE,True,2020-10-21,128.6873224,36.9986008
279844100,32193924,현대필그린아파트,place,일반,GENERAL,경기,용인시,경기 용인시 기흥구 마북로 139,,내 장소,1,AVAILABLE,True,2020-10-20,127.1205535,37.3029832
279457420,18779320,응봉현대아파트,place,일반,GENERAL,서울,성동구,서울 성동구 독서당로 377,,내 장소,1,AVAILABLE,True,2020-10-19,127.0308868,37.551394
278717826,18784267,극동그린아파트,place,일반,GENERAL,서울,성동구,서울 성동구 독서당로 175,,내 장소,1,AVAILABLE,True,2020-10-18,127.00985,37.5419333
278341883,18782629,금호동대우아파트,place,일반,GENERAL,서울,성동구,서울 성동구 독서당로 272,,내 장소,1,AVAILABLE,True,2020-10-17,127.020388,37.546066
278340499,18781470,금호푸르지오1차아파트,place,일반,GENERAL,서울,성동구,서울 성동구 금호산8길 5,,내 장소,1,AVAILABLE,True,2020-10-17,127.0209544,37.5497212
278337019,18781409,금호동휴플러스한신아파트,place,일반,GENERAL,서울,성동구,서울 성동구 금호산길 27,,내 장소,1,AVAILABLE,True,2020-10-17,127.0181125,37.55005
278095723,18707196,남산타운아파트,place,일반,GENERAL,서울,중구,서울 중구 다산로 32,,내 장소,1,AVAILABLE,True,2020-10-16,127.0097435,37.5500494
277794941,18782154,금호브라운스톤아파트,place,일반,GENERAL,서울,성동구,서울 성동구 매봉길 24,,내 장소,1,AVAILABLE,True,2020-10-15,127.0154576,37.5468722
275197532,19030012,동작동금강KCC1차아파트,place,일반,GENERAL,서울,동작구,서울 동작구 동작대로39가길 55,,내 장소,1,AVAILABLE,True,2020-10-09,126.9783207,37.4942385
275197302,19032631,사당신동아아파트,place,일반,GENERAL,서울,동작구,서울 동작구 동작대로29길 110,,내 장소,1,AVAILABLE,True,2020-10-09,126.9781363,37.4901411
275196578,19033539,사당유니드아파트,place,일반,GENERAL,서울,동작구,서울 동작구 동작대로29길 195,,내 장소,1,AVAILABLE,True,2020-10-09,126.9753416,37.4933505
272594286,13390698,페삭,place,음식점,DINING,경기,성남시,경기 성남시 분당구 황새울로214번길 8,,내 장소,1,AVAILABLE,True,2020-10-02,127.1123053,37.3782752
272593961,36859687,두마레 한정식,place,음식점,DINING,경기,성남시,경기 성남시 분당구 구미로 191,,내 장소,1,AVAILABLE,True,2020-10-02,127.127719,37.344117
272428719,18440994,코오롱트리폴리스1차,place,일반,GENERAL,경기,성남시,경기 성남시 분당구 정자일로 1,,내 장소,1,AVAILABLE,True,2020-10-01,127.1054012,37.3509855
271073682,35678398,잠실매점,place,생활/문화,LIFE_CULTURE,서울,송파구,서울 송파구 올림픽로 269,,내 장소,1,AVAILABLE,True,2020-09-27,127.1013968,37.5141249
268953327,19367172,랜드하나평촌하나법학원,place,교육,EDUCATION,경기,안양시,경기 안양시 동안구 평촌대로211번길 16,,내 장소,1,AVAILABLE,True,2020-09-21,126.9550294,37.3903537
268924463,18787040,한양현대아파트,place,일반,GENERAL,서울,성동구,서울 성동구 상원1길 17,,내 장소,1,AVAILABLE,True,2020-09-21,127.0479673,37.5455356
268772445,18812518,쌍용플래티넘아파트,place,일반,GENERAL,서울,강남구,서울 강남구 봉은사로 474,,내 장소,1,AVAILABLE,True,2020-09-20,127.0519533,37.5123688
260145912,18722973,용산파크자이아파트,place,일반,GENERAL,서울,용산구,서울 용산구 한강대로 205,,내 장소,1,AVAILABLE,True,2020-08-21,126.9729276,37.536532
260145862,18723065,대우월드마크,place,일반,GENERAL,서울,용산구,서울 용산구 한강대로 211,,내 장소,1,AVAILABLE,True,2020-08-21,126.973093,37.5370975
259769679,35832216,보문파크뷰자이아파트,place,일반,GENERAL,서울,성북구,서울 성북구 보문사길 111,,내 장소,1,AVAILABLE,True,2020-08-20,127.0188098,37.5802161
255213477,36351814,가타쯔무리,place,음식점,DINING,서울,서대문구,서울 서대문구 명지대길 72,,내 장소,1,AVAILABLE,True,2020-08-09,126.9234861,37.5832536
251304793,1160820946,현대위버포레오피스텔(2020년10월예정),place,일반,GENERAL,서울,강남구,서울 강남구 삼성동,,내 장소,1,AVAILABLE,True,2020-07-31,127.0549816,37.5078761
248773205,18722151,용산CJ나인파크아파트,place,일반,GENERAL,서울,용산구,서울 용산구 백범로90다길 12,,내 장소,1,AVAILABLE,True,2020-07-25,126.9688071,37.5362875
248392036,20866626,용산ThePRIME,place,일반,GENERAL,서울,용산구,서울 용산구 원효로90길 11,,내 장소,1,AVAILABLE,True,2020-07-24,126.970115,37.540384
248391736,18718859,용산리첸시아아파트,place,일반,GENERAL,서울,용산구,서울 용산구 백범로 341,,내 장소,1,AVAILABLE,True,2020-07-24,126.9678941,37.5383556
248391530,18150240,용산아크로타워,place,일반,GENERAL,서울,용산구,서울 용산구 백범로90길 26,,내 장소,1,AVAILABLE,True,2020-07-24,126.968758,37.5366457
246795433,1249548771,오하이오,place,카페,CAFE,경기도,성남시,경기도 성남시 분당구 미금일로86번길 8 1층,,내 장소,1,AVAILABLE,True,2020-07-20,127.1104893,37.3467128
244623869,1553059011,스쿠퍼젤라또,place,카페,CAFE,서울,종로구,서울 종로구 자하문로7길 10,,내 장소,1,AVAILABLE,True,2020-07-14,126.9712341,37.5784034
242881369,18664406,경희궁의아침3단지,place,일반,GENERAL,서울,종로구,서울 종로구 사직로8길 34,,내 장소,1,AVAILABLE,True,2020-07-10,126.9718472,37.5738725
238766360,18825604,광진하우스토리,place,일반,GENERAL,서울,광진구,서울 광진구 구의강변로1길 44,,내 장소,1,AVAILABLE,True,2020-06-28,127.0898511,37.5301395
232811629,18773190,브라운스톤로얄스위트서초,place,일반,GENERAL,서울,서초구,서울 서초구 명달로15길 5,,내 장소,1,AVAILABLE,True,2020-06-09,127.0036253,37.4847411
232810889,18767291,서초더샵아파트,place,일반,GENERAL,서울,서초구,서울 서초구 서초중앙로2길 21,,내 장소,1,AVAILABLE,True,2020-06-09,127.0183949,37.4841221
232810279,36266637,루엘드파리,place,카페,CAFE,서울,서초구,서울 서초구 서초중앙로 18,,내 장소,1,AVAILABLE,True,2020-06-09,127.0173499,37.4840594
232422517,19866762,이수사,place,음식점,DINING,경기,성남시,경기 성남시 분당구 금곡로11번길 4,,내 장소,1,AVAILABLE,True,2020-06-07,127.1104808,37.3440851
231927364,32331193,한터장수오리골,place,음식점,DINING,경기,용인시,경기 용인시 처인구 양지면 한터로662번길 39,,내 장소,1,AVAILABLE,True,2020-06-06,127.2767904,37.2577145
227776791,1957364765,운멜로,place,음식점,DINING,경기,수원시,경기 수원시 팔달구 화서문로32번길 4,,내 장소,1,AVAILABLE,True,2020-05-23,127.0114524,37.284776
223337825,1510195678,제이에이치솔라,place,일반,GENERAL,서울,용산구,서울 용산구 갈월동,,내 장소,1,AVAILABLE,True,2020-05-08,126.971714,37.5416505
213597044,1432373629,꽁티드툴레아,place,음식점,DINING,서울,강남구,서울 강남구 도산대로49길 39,,내 장소,1,AVAILABLE,True,2020-04-16,127.0369045,37.52557
206887778,13036099,이봉구피부과의원,place,생활/문화,LIFE_CULTURE,경기,성남시,경기 성남시 분당구 내정로 170,,내 장소,1,AVAILABLE,True,2020-03-26,127.1196133,37.3734045
201554214,37459886,황실전통마사지,place,생활/문화,LIFE_CULTURE,경기,성남시,경기 성남시 분당구 대왕판교로 670,,내 장소,1,AVAILABLE,True,2020-03-12,127.1060234,37.4018932
195246388,1586416290,롯데프리미엄아울렛 기흥점,place,쇼핑,SHOPPING,경기,용인시,경기 용인시 기흥구 고매동 280,,내 장소,1,AVAILABLE,True,2020-02-23,127.1213744,37.2251818
187300874,37182405,호텔 카푸치노,place,숙박,ACCOMMODATION,서울,강남구,서울 강남구 논현동 206-1,,내 장소,1,AVAILABLE,True,2020-02-03,127.0315039,37.5068952
175481198,1140239421,조양방직,place,카페,CAFE,인천,강화군,인천 강화군 강화읍 향나무길5번길 12,,내 장소,1,AVAILABLE,True,2020-01-08,126.4802701,37.7470413
167701439,12981949,지앤아트갤러리,place,생활/문화,LIFE_CULTURE,경기,용인시,경기 용인시 기흥구 백남준로 7,,내 장소,1,AVAILABLE,True,2019-12-20,127.1101077,37.2699194
158411919,1478636575,쿳사,place,음식점,DINING,서울,서대문구,서울 서대문구 증가로 48 보광빌딩 1층,,내 장소,1,AVAILABLE,True,2019-11-29,126.9294014,37.5721948
158411519,36523247,연남동잠깐,place,음식점,DINING,서울,마포구,서울 마포구 동교로32길 3,,내 장소,1,AVAILABLE,True,2019-11-29,126.9245541,37.5608684
156693353,37162579,오페뜨 서판교 운중점,place,카페,CAFE,경기,성남시,경기 성남시 분당구 운중로125번길 8,,내 장소,1,AVAILABLE,True,2019-11-25,127.0774261,37.3924659
156110805,19560902,라스 마가리타스,place,음식점,DINING,경기,용인시,경기 용인시 기흥구 죽전로15번길 15-8,,내 장소,1,AVAILABLE,True,2019-11-23,127.1097107,37.3220804
155197840,20384015,묵전,place,BAR,BAR,서울,강남구,서울 강남구 언주로168길 22,,내 장소,1,AVAILABLE,True,2019-11-21,127.035388,37.526067
154646007,35403143,소마,place,카페,CAFE,서울,종로구,서울 종로구 창의문로 155,,내 장소,1,AVAILABLE,True,2019-11-20,126.9634925,37.5936778
154172479,19873460,르헤브드베베,place,카페,CAFE,경기,용인시,경기 용인시 수지구 죽전로168번길 3-3 RED ZONE,,내 장소,1,AVAILABLE,True,2019-11-19,127.1256807,37.3261349
152995958,19978400,조기종의향미각,place,음식점,DINING,대전,대덕구,대전 대덕구 쌍청당로 14 1층,,내 장소,1,AVAILABLE,True,2019-11-17,127.4353167,36.3632801
151629663,12054078,화수목샤브샤브,place,음식점,DINING,경기,성남시,경기 성남시 분당구 황새울로 315,,내 장소,1,AVAILABLE,True,2019-11-14,127.12005,37.384961
149296636,12017005,피양콩할마니,place,음식점,DINING,서울,강남구,서울 강남구 삼성로81길 30,,내 장소,1,AVAILABLE,True,2019-11-08,127.05525,37.5041
149274761,20268194,블루스퀘어,place,생활/문화,LIFE_CULTURE,서울,용산구,서울 용산구 이태원로 294,,내 장소,1,AVAILABLE,True,2019-11-08,127.002273,37.540617
143640053,38266218,아크로리버하임,place,일반,GENERAL,서울특별시,동작구,서울특별시 동작구 흑석동 157,,내 장소,1,AVAILABLE,True,2019-10-24,126.9612878,37.5101302
143080292,19283070,용인시청소년수련관,place,교육,EDUCATION,경기,용인시,경기 용인시 처인구 중부대로 1199,,내 장소,1,AVAILABLE,True,2019-10-23,127.1760375,37.2402513
137364940,1069208406,로커피,place,카페,CAFE,경기,용인시,경기 용인시 처인구 양지면 남평로 17-1,,내 장소,1,AVAILABLE,True,2019-10-02,127.2874703,37.2318261
137072451,38251950,플라츠로스팅컴퍼니,place,일반,GENERAL,경기,용인시,경기 용인시 수지구 광교호수로378번길 24,,내 장소,1,AVAILABLE,True,2019-10-01,127.0804465,37.2966209
135843361,505338596,젠제로,place,카페,CAFE,서울,강남구,서울 강남구 선릉로126길 14 예우빌딩 1층,,내 장소,1,AVAILABLE,True,2019-09-26,127.0432696,37.5153116
135632890,18783536,레미테지,place,일반,GENERAL,서울,성동구,서울 성동구 독서당로 154,,내 장소,1,AVAILABLE,True,2019-09-25,127.0119944,37.5395708
135068940,18830229,압구정대원칸타빌아파트,place,일반,GENERAL,서울,강남구,서울 강남구 압구정로48길 15,,내 장소,1,AVAILABLE,True,2019-09-22,127.0371134,37.5277321
133965521,19866487,윈제과점,place,카페,CAFE,서울,강남구,서울 강남구 삼성로 719 경덕빌딩,,내 장소,1,AVAILABLE,True,2019-09-18,127.049332,37.519973
133015505,18709548,황학아크로타워,place,일반,GENERAL,서울특별시,중구,서울특별시 중구 황학동 2523,,내 장소,1,AVAILABLE,True,2019-09-13,127.0219296,37.5658796
132633385,18663844,광화문풍림스페이스본아파트,place,일반,GENERAL,서울,종로구,서울 종로구 사직로8길 4,,내 장소,1,AVAILABLE,True,2019-09-11,126.9686008,37.5744035
125579404,12916689,용인고용복지플러스센터,place,공공,PUBLIC,경기,용인시,경기 용인시 기흥구 강남로 3 강남앤플러스,,내 장소,1,AVAILABLE,True,2019-08-13,127.1261,37.270975
120539591,1507701307,땡큐한,place,카페,CAFE,경기,성남시,경기 성남시 분당구 황새울로12번길 1-3 1층,,내 장소,1,AVAILABLE,True,2019-07-25,127.1101567,37.3613914
115177938,19224116,삼성로얄팰리스하우스빌,place,일반,GENERAL,경기,성남시,경기 성남시 분당구 백현로 105,,내 장소,1,AVAILABLE,True,2019-07-07,127.1120263,37.3761283
110685600,32636994,소나,place,카페,CAFE,서울,강남구,서울 강남구 강남대로162길 40,,내 장소,1,AVAILABLE,True,2019-06-15,127.0216305,37.5207337
109029160,19225309,정자아이파크아파트,place,일반,GENERAL,경기,성남시,경기 성남시 분당구 백현로 100,,내 장소,1,AVAILABLE,True,2019-06-07,127.110339,37.3762033
108081545,34269709,광교유타워,place,일반,GENERAL,경기,용인시,경기 용인시 수지구 광교중앙로295번길 3,,내 장소,1,AVAILABLE,True,2019-06-03,127.0684486,37.2961818
105118954,289641586,고운손주야간보호센터,place,공공,PUBLIC,경기,성남시,경기 성남시 분당구 구미로 124 굿모닝프라자1 4층,,내 장소,1,AVAILABLE,True,2019-05-19,127.1223574,37.3399779
103237434,677814642,Gramps Ground,place,음식점,DINING,경기,성남시,경기 성남시 분당구 정자일로 132 엠코헤리츠 4단지 D114,,내 장소,1,AVAILABLE,True,2019-05-09,127.1065586,37.3618482
100734466,37637684,마더린러 베이글,place,카페,CAFE,서울,서대문구,서울 서대문구 이화여대5길 5 1층,,내 장소,1,AVAILABLE,True,2019-04-27,126.9453951,37.5583074
99884753,1386833963,호랑이,place,카페,CAFE,서울,중구,서울 중구 을지로 157 3층 351호,,내 장소,1,AVAILABLE,True,2019-04-22,126.9956333,37.567219
99778020,18854974,도곡현대하이페리온아파트,place,일반,GENERAL,서울,강남구,서울 강남구 도곡로4길 31,,내 장소,1,AVAILABLE,True,2019-04-21,127.0350649,37.4887231
99775731,37160995,모모스커피,place,카페,CAFE,부산,금정구,부산 금정구 오시게로 20,,내 장소,1,AVAILABLE,True,2019-04-21,129.0863702,35.2192946
99689880,995323300,돌체테리아,place,카페,CAFE,강원,강릉시,강원 강릉시 하슬라로206번길 4-3 1층 돌체테리아,,내 장소,1,AVAILABLE,True,2019-04-21,128.8761183,37.7676675
96589647,37768779,장티크(J`antique),place,카페,CAFE,서울,서초구,서울 서초구 서초대로64길 50,,내 장소,1,AVAILABLE,True,2019-04-04,127.0211986,37.4934677
96166464,38733965,퀸즈파크 청담점,place,음식점,DINING,서울,강남구,서울 강남구 압구정로60길 22,,내 장소,1,AVAILABLE,True,2019-04-01,127.04165,37.5259917
96141147,37260382,콘래드서울 아트리오,place,음식점,DINING,서울,영등포구,서울 영등포구 국제금융로 10 콘래드서울 2층,,내 장소,1,AVAILABLE,True,2019-04-01,126.9266677,37.5254021
95782251,18835511,로데오현대아파트,place,일반,GENERAL,서울,강남구,서울 강남구 압구정로50길 28,,내 장소,1,AVAILABLE,True,2019-03-30,127.0372981,37.5266711
95761501,38252334,육회한연어 신논현점,place,BAR,BAR,서울,강남구,서울 강남구 강남대로118길 47 2층,,내 장소,1,AVAILABLE,True,2019-03-30,127.0268319,37.5074793
95292652,19224525,더샵스타파크아파트,place,일반,GENERAL,경기,성남시,경기 성남시 분당구 정자일로 121,,내 장소,1,AVAILABLE,True,2019-03-28,127.1052642,37.3611713
94725329,11717757,롯데호텔서울 모모야마,place,음식점,DINING,서울,중구,서울 중구 을지로 30,,내 장소,1,AVAILABLE,True,2019-03-24,126.9810045,37.5653498
94159303,1803092279,어 로프 슬라이스 피스,place,카페,CAFE,경기,용인시,경기 용인시 처인구 백령로 47,,내 장소,1,AVAILABLE,True,2019-03-21,127.1910012,37.2627746
93153689,37116850,비스트로정,place,음식점,DINING,경기,성남시,경기 성남시 분당구 정자일로 100 미켈란쉐르빌,,내 장소,1,AVAILABLE,True,2019-03-15,127.1070262,37.3595677
91387864,13513688,두오모,place,음식점,DINING,서울,종로구,서울 종로구 자하문로16길 5,,내 장소,1,AVAILABLE,True,2019-03-05,126.9715354,37.5816302
89868660,38010058,켄싱턴호텔 여의도 브로드웨이,place,음식점,DINING,서울,영등포구,서울 영등포구 국회대로76길 16 여의도 켄싱턴호텔 1층,,내 장소,1,AVAILABLE,True,2019-02-25,126.9218165,37.5302612
89608214,1798953026,Bowl Room,place,음식점,DINING,서울,강남구,서울 강남구 압구정로42길 36,,내 장소,1,AVAILABLE,True,2019-02-24,127.0344654,37.5264644
87809580,1868824335,WHAT A CHEF,place,기타,ETC,서울,강남구,서울 강남구 선릉로157길 23-3,,내 장소,1,UNAVAILABLE,False,2019-02-14,127.0378654,37.5260005
86652251,247810366,DOTZ,place,음식점,DINING,서울,용산구,서울 용산구 이태원로55나길 6,,내 장소,1,AVAILABLE,True,2019-02-08,126.9990952,37.536664
86507909,1037088626,머랭테이블,place,카페,CAFE,경기,용인시,경기 용인시 기흥구 한보라1로 60 명보프라자 105호,,내 장소,1,AVAILABLE,True,2019-02-07,127.107482,37.2503559
86505800,1680652900,범표원두,place,카페,CAFE,서울,강남구,서울 강남구 테헤란로37길 42 지하1층,,내 장소,1,AVAILABLE,True,2019-02-07,127.0398981,37.5051665
85890447,1644502601,카페여수에서,place,카페,CAFE,전남,여수시,전남 여수시 중앙5길 29,,내 장소,1,AVAILABLE,True,2019-02-03,127.7401491,34.737865
85251325,21172424,상지리츠빌카일룸4차,place,일반,GENERAL,서울,강남구,서울 강남구 삼성로 636,,내 장소,1,AVAILABLE,True,2019-01-30,127.0516331,37.5167983
85250928,38391930,청담린든그로브,place,일반,GENERAL,서울특별시,강남구,서울특별시 강남구 청담동 67,,내 장소,1,AVAILABLE,True,2019-01-30,127.0536478,37.5227532
82801145,11585300,고센인코퍼레이티드 청담점,place,카페,CAFE,서울,강남구,서울 강남구 선릉로158길 18,,내 장소,1,AVAILABLE,True,2019-01-15,127.0414762,37.5252858
63746475,1979405153,혜움빌딩,place,일반,GENERAL,서울,강남구,서울 강남구 봉은사로37길 20,,내 장소,1,AVAILABLE,True,2018-09-03,127.0363952,37.5096256
82313892,86717807,굴드,place,기타,ETC,서울,강남구,서울 강남구 강남대로 598 보림빌딩 1F,,내 장소,1,UNAVAILABLE,False,2019-01-12,127.0203795,37.5151999
81578228,21407004,cuisson82,place,음식점,DINING,서울,강남구,서울 강남구 양재천로 167,,내 장소,1,AVAILABLE,True,2019-01-07,127.0447018,37.4816294
80941185,1868037252,하프커피,place,카페,CAFE,서울,서초구,서울 서초구 사평대로 205 센트럴시티 파미에스테이션 2층 FP212호,,내 장소,1,AVAILABLE,True,2019-01-03,127.004939,37.5032859
44976246,20099688,용인행정타운두산위브3단지아파트,place,일반,GENERAL,경기,용인시,경기 용인시 처인구 지삼로590번길 29,,내 장소,1,AVAILABLE,True,2018-04-14,127.1700307,37.2392496
76701432,18720089,천년명가청암자이아파트,place,일반,GENERAL,서울,용산구,서울 용산구 삼개로 60,,내 장소,1,AVAILABLE,True,2018-12-06,126.9476249,37.5349374
76701354,18720649,강변삼성스위트아파트,place,일반,GENERAL,서울,용산구,서울 용산구 원효로 40,,내 장소,1,AVAILABLE,True,2018-12-06,126.9485602,37.5339905
76178884,18999573,대우트럼프월드아파트,place,일반,GENERAL,서울특별시,영등포구,서울특별시 영등포구 여의도동 55-1,,내 장소,1,AVAILABLE,True,2018-12-03,126.9323526,37.5179106
74364925,13038138,하이드파크,place,음식점,DINING,경기,용인시,경기 용인시 기흥구 백남준로 7 용인도자미술관,,내 장소,1,AVAILABLE,True,2018-11-20,127.10972,37.270103
73949180,19001144,더샵아일랜드파크,place,일반,GENERAL,서울,영등포구,서울 영등포구 의사당대로 38,,내 장소,1,AVAILABLE,True,2018-11-17,126.9187147,37.5257581
73948263,19225259,타임브릿지오피스텔,place,일반,GENERAL,경기,성남시,경기 성남시 분당구 정자일로156번길 12,,내 장소,1,AVAILABLE,True,2018-11-17,127.1073149,37.363808
73733118,13154695,최가네버섯샤브매운탕칼국수,place,음식점,DINING,서울,강남구,서울 강남구 도산대로51길 36,,내 장소,1,AVAILABLE,True,2018-11-15,127.0381733,37.5254405
71679246,18999935,에스트레뉴,place,일반,GENERAL,서울,영등포구,서울 영등포구 국제금융로2길 37,,내 장소,1,AVAILABLE,True,2018-11-01,126.9242118,37.5230183
71679216,19472925,롯데캐슬엠파이어,place,일반,GENERAL,서울,영등포구,서울 영등포구 의사당대로 127,,내 장소,1,AVAILABLE,True,2018-11-01,126.9265677,37.5204236
71252967,11659654,바소,place,음식점,DINING,경기,용인시,경기 용인시 기흥구 지삼로98번길 47 VASO,,내 장소,1,AVAILABLE,True,2018-10-28,127.1271604,37.2520485
70859529,18999866,여의도롯데캐슬아이비,place,일반,GENERAL,서울,영등포구,서울 영등포구 국제금융로 86,,내 장소,1,AVAILABLE,True,2018-10-26,126.9321087,37.5197969
68425897,38275858,안국 153,place,카페,CAFE,서울,종로구,서울 종로구 율곡로 51,,내 장소,1,AVAILABLE,True,2018-10-08,126.9849581,37.5765064
68287997,19691123,국립현대미술관 서울관,place,생활/문화,LIFE_CULTURE,서울,종로구,서울 종로구 삼청로 30,,내 장소,1,AVAILABLE,True,2018-10-07,126.9800493,37.5787818
43038406,20639748,일지아트홀,place,생활/문화,LIFE_CULTURE,서울,강남구,서울 강남구 선릉로 806,,내 장소,1,AVAILABLE,True,2018-03-29,127.0396191,37.523885
60040280,18829546,떡삼돌김치삼겹압구정점,place,기타,ETC,서울,강남구,서울 강남구 논현로167길 12,,내 장소,1,UNAVAILABLE,False,2018-08-07,127.0272375,37.5247667
57657958,487040518,스타벅스 청담스타R점,place,카페,CAFE,서울,강남구,서울 강남구 도산대로57길 24,,내 장소,1,AVAILABLE,True,2018-07-22,127.0418784,37.5251798
52621274,16868257,복권나라,place,생활/문화,LIFE_CULTURE,전남,여수시,전남 여수시 중앙로 62 1층,,내 장소,1,AVAILABLE,True,2018-06-16,127.7343465,34.73992
52391151,11636672,여수EXPO역 전라선,place,교통,TRANSPORTATION,전남,여수시,전남 여수시 망양로 2 여수역,,내 장소,1,AVAILABLE,True,2018-06-14,127.7489826,34.7530686
43038078,11807844,탐앤탐스압구정로데오점,place,카페,CAFE,서울,강남구,서울 강남구 선릉로 823 한양타운빌딩,,내 장소,1,AVAILABLE,True,2018-03-29,127.0396,37.5257333
26961262,12255263,아트성형외과의원,place,기타,ETC,서울특별시,강남구,서울특별시 강남구 압구정로 449,,내 장소,1,UNAVAILABLE,False,2016-12-19,127.046533,37.526284
